file,classification,action,reason,unique,runtime,status
.DS_Store,B — GENERATED / REBUILDABLE,Removed,Rebuildable compiler cache or operating-system metadata.,No current required content,No,ignored
.env.development.local.backup,H — UNKNOWN / PROTECTED,Preserved,"Operator secrets, backup or CLI evidence; outside safe deletion scope",Potentially,No,ignored
.github/workflows/staging-backup-certification.yml,A — CANONICAL / REQUIRED,Preserved,"Active implementation, regression evidence or protected backup/DR tooling; keyword is not obsolescence",Yes,Operational/test or runtime reference,tracked
.next/,B — GENERATED / REBUILDABLE,Removed stale output; regenerate cleanly,2311 inventoried generated files; configuration and secrets outside output preserved.,No authoritative source,Generated only,ignored
.next/BUILD_ID 2,B — GENERATED / REBUILDABLE,Removed; rebuild on demand,Build output; never source authority,No source content,No,ignored
.next/app-path-routes-manifest 2.json,B — GENERATED / REBUILDABLE,Removed; rebuild on demand,Build output; never source authority,No source content,No,ignored
.next/build-manifest 2.json,B — GENERATED / REBUILDABLE,Removed; rebuild on demand,Build output; never source authority,No source content,No,ignored
.next/build/package 2.json,B — GENERATED / REBUILDABLE,Removed; rebuild on demand,Build output; never source authority,No source content,No,ignored
.next/build/package 4.json,B — GENERATED / REBUILDABLE,Removed; rebuild on demand,Build output; never source authority,No source content,No,ignored
.next/cache 2/webpack/client-production/index 3.pack,B — GENERATED / REBUILDABLE,Removed; rebuild on demand,Build output; never source authority,No source content,No,ignored
.next/cache 2/webpack/client-production/index 4.pack,B — GENERATED / REBUILDABLE,Removed; rebuild on demand,Build output; never source authority,No source content,No,ignored
.next/cache 2/webpack/client-production/index 5.pack,B — GENERATED / REBUILDABLE,Removed; rebuild on demand,Build output; never source authority,No source content,No,ignored
.next/cache 2/webpack/client-production/index 6.pack,B — GENERATED / REBUILDABLE,Removed; rebuild on demand,Build output; never source authority,No source content,No,ignored
.next/cache 2/webpack/client-production/index 7.pack,B — GENERATED / REBUILDABLE,Removed; rebuild on demand,Build output; never source authority,No source content,No,ignored
.next/cache 2/webpack/client-production/index 8.pack,B — GENERATED / REBUILDABLE,Removed; rebuild on demand,Build output; never source authority,No source content,No,ignored
.next/cache 2/webpack/client-production/index.pack 10.old,B — GENERATED / REBUILDABLE,Removed; rebuild on demand,Build output; never source authority,No source content,No,ignored
.next/cache 2/webpack/client-production/index.pack 11.pack,B — GENERATED / REBUILDABLE,Removed; rebuild on demand,Build output; never source authority,No source content,No,ignored
.next/cache 2/webpack/client-production/index.pack 12.pack,B — GENERATED / REBUILDABLE,Removed; rebuild on demand,Build output; never source authority,No source content,No,ignored
.next/cache 2/webpack/client-production/index.pack 13.pack,B — GENERATED / REBUILDABLE,Removed; rebuild on demand,Build output; never source authority,No source content,No,ignored
.next/cache 2/webpack/client-production/index.pack 3.pack,B — GENERATED / REBUILDABLE,Removed; rebuild on demand,Build output; never source authority,No source content,No,ignored
.next/cache 2/webpack/client-production/index.pack 4.pack,B — GENERATED / REBUILDABLE,Removed; rebuild on demand,Build output; never source authority,No source content,No,ignored
.next/cache 2/webpack/client-production/index.pack 5.pack,B — GENERATED / REBUILDABLE,Removed; rebuild on demand,Build output; never source authority,No source content,No,ignored
.next/cache 2/webpack/client-production/index.pack 6.pack,B — GENERATED / REBUILDABLE,Removed; rebuild on demand,Build output; never source authority,No source content,No,ignored
.next/cache 2/webpack/client-production/index.pack 7.pack,B — GENERATED / REBUILDABLE,Removed; rebuild on demand,Build output; never source authority,No source content,No,ignored
.next/cache 2/webpack/client-production/index.pack 8.pack,B — GENERATED / REBUILDABLE,Removed; rebuild on demand,Build output; never source authority,No source content,No,ignored
.next/cache 2/webpack/client-production/index.pack 9.pack,B — GENERATED / REBUILDABLE,Removed; rebuild on demand,Build output; never source authority,No source content,No,ignored
.next/cache 2/webpack/server-production/index 3.pack,B — GENERATED / REBUILDABLE,Removed; rebuild on demand,Build output; never source authority,No source content,No,ignored
.next/cache 2/webpack/server-production/index 4.pack,B — GENERATED / REBUILDABLE,Removed; rebuild on demand,Build output; never source authority,No source content,No,ignored
.next/cache 2/webpack/server-production/index 5.pack,B — GENERATED / REBUILDABLE,Removed; rebuild on demand,Build output; never source authority,No source content,No,ignored
.next/cache 2/webpack/server-production/index 6.pack,B — GENERATED / REBUILDABLE,Removed; rebuild on demand,Build output; never source authority,No source content,No,ignored
.next/cache 2/webpack/server-production/index.pack 10.pack,B — GENERATED / REBUILDABLE,Removed; rebuild on demand,Build output; never source authority,No source content,No,ignored
.next/cache 2/webpack/server-production/index.pack 11.pack,B — GENERATED / REBUILDABLE,Removed; rebuild on demand,Build output; never source authority,No source content,No,ignored
.next/cache 2/webpack/server-production/index.pack 3.pack,B — GENERATED / REBUILDABLE,Removed; rebuild on demand,Build output; never source authority,No source content,No,ignored
.next/cache 2/webpack/server-production/index.pack 4.pack,B — GENERATED / REBUILDABLE,Removed; rebuild on demand,Build output; never source authority,No source content,No,ignored
.next/cache 2/webpack/server-production/index.pack 5.pack,B — GENERATED / REBUILDABLE,Removed; rebuild on demand,Build output; never source authority,No source content,No,ignored
.next/cache 2/webpack/server-production/index.pack 6.pack,B — GENERATED / REBUILDABLE,Removed; rebuild on demand,Build output; never source authority,No source content,No,ignored
.next/cache 2/webpack/server-production/index.pack 7.pack,B — GENERATED / REBUILDABLE,Removed; rebuild on demand,Build output; never source authority,No source content,No,ignored
.next/cache 2/webpack/server-production/index.pack 8.pack,B — GENERATED / REBUILDABLE,Removed; rebuild on demand,Build output; never source authority,No source content,No,ignored
.next/cache 2/webpack/server-production/index.pack 9.pack,B — GENERATED / REBUILDABLE,Removed; rebuild on demand,Build output; never source authority,No source content,No,ignored
.next/cache/webpack/client-production/index.pack 3.pack,B — GENERATED / REBUILDABLE,Removed; rebuild on demand,Build output; never source authority,No source content,No,ignored
.next/cache/webpack/client-production/index.pack 4.pack,B — GENERATED / REBUILDABLE,Removed; rebuild on demand,Build output; never source authority,No source content,No,ignored
.next/cache/webpack/client-production/index.pack 5.pack,B — GENERATED / REBUILDABLE,Removed; rebuild on demand,Build output; never source authority,No source content,No,ignored
.next/cache/webpack/client-production/index.pack 6.pack,B — GENERATED / REBUILDABLE,Removed; rebuild on demand,Build output; never source authority,No source content,No,ignored
.next/cache/webpack/client-production/index.pack 7.pack,B — GENERATED / REBUILDABLE,Removed; rebuild on demand,Build output; never source authority,No source content,No,ignored
.next/cache/webpack/client-production/index.pack.old,B — GENERATED / REBUILDABLE,Removed; rebuild on demand,Build output; never source authority,No source content,No,ignored
.next/cache/webpack/server-production/index.pack 3.pack,B — GENERATED / REBUILDABLE,Removed; rebuild on demand,Build output; never source authority,No source content,No,ignored
.next/cache/webpack/server-production/index.pack 4.pack,B — GENERATED / REBUILDABLE,Removed; rebuild on demand,Build output; never source authority,No source content,No,ignored
.next/cache/webpack/server-production/index.pack 5.pack,B — GENERATED / REBUILDABLE,Removed; rebuild on demand,Build output; never source authority,No source content,No,ignored
.next/cache/webpack/server-production/index.pack 6.pack,B — GENERATED / REBUILDABLE,Removed; rebuild on demand,Build output; never source authority,No source content,No,ignored
.next/cache/webpack/server-production/index.pack 7.pack,B — GENERATED / REBUILDABLE,Removed; rebuild on demand,Build output; never source authority,No source content,No,ignored
.next/cache/webpack/server-production/index.pack.old,B — GENERATED / REBUILDABLE,Removed; rebuild on demand,Build output; never source authority,No source content,No,ignored
.next/diagnostics/build-diagnostics 3.json,B — GENERATED / REBUILDABLE,Removed; rebuild on demand,Build output; never source authority,No source content,No,ignored
.next/diagnostics/build-diagnostics 4.json,B — GENERATED / REBUILDABLE,Removed; rebuild on demand,Build output; never source authority,No source content,No,ignored
.next/diagnostics/framework 3.json,B — GENERATED / REBUILDABLE,Removed; rebuild on demand,Build output; never source authority,No source content,No,ignored
.next/diagnostics/framework 4.json,B — GENERATED / REBUILDABLE,Removed; rebuild on demand,Build output; never source authority,No source content,No,ignored
.next/diagnostics/route-bundle-stats 3.json,B — GENERATED / REBUILDABLE,Removed; rebuild on demand,Build output; never source authority,No source content,No,ignored
.next/diagnostics/route-bundle-stats 4.json,B — GENERATED / REBUILDABLE,Removed; rebuild on demand,Build output; never source authority,No source content,No,ignored
.next/export-marker 2.json,B — GENERATED / REBUILDABLE,Removed; rebuild on demand,Build output; never source authority,No source content,No,ignored
.next/fallback-build-manifest 2.json,B — GENERATED / REBUILDABLE,Removed; rebuild on demand,Build output; never source authority,No source content,No,ignored
.next/images-manifest 2.json,B — GENERATED / REBUILDABLE,Removed; rebuild on demand,Build output; never source authority,No source content,No,ignored
.next/next-minimal-server.js.nft 2.json,B — GENERATED / REBUILDABLE,Removed; rebuild on demand,Build output; never source authority,No source content,No,ignored
.next/next-server.js.nft 2.json,B — GENERATED / REBUILDABLE,Removed; rebuild on demand,Build output; never source authority,No source content,No,ignored
.next/package 2.json,B — GENERATED / REBUILDABLE,Removed; rebuild on demand,Build output; never source authority,No source content,No,ignored
.next/package 3.json,B — GENERATED / REBUILDABLE,Removed; rebuild on demand,Build output; never source authority,No source content,No,ignored
.next/prerender-manifest 2.json,B — GENERATED / REBUILDABLE,Removed; rebuild on demand,Build output; never source authority,No source content,No,ignored
.next/required-server-files 2.js,B — GENERATED / REBUILDABLE,Removed; rebuild on demand,Build output; never source authority,No source content,No,ignored
.next/required-server-files 2.json,B — GENERATED / REBUILDABLE,Removed; rebuild on demand,Build output; never source authority,No source content,No,ignored
.next/routes-manifest 2.json,B — GENERATED / REBUILDABLE,Removed; rebuild on demand,Build output; never source authority,No source content,No,ignored
.next/server/app-paths-manifest 2.json,B — GENERATED / REBUILDABLE,Removed; rebuild on demand,Build output; never source authority,No source content,No,ignored
.next/server/functions-config-manifest 2.json,B — GENERATED / REBUILDABLE,Removed; rebuild on demand,Build output; never source authority,No source content,No,ignored
.next/server/interception-route-rewrite-manifest 2.js,B — GENERATED / REBUILDABLE,Removed; rebuild on demand,Build output; never source authority,No source content,No,ignored
.next/server/middleware 2.js,B — GENERATED / REBUILDABLE,Removed; rebuild on demand,Build output; never source authority,No source content,No,ignored
.next/server/middleware-build-manifest 2.js,B — GENERATED / REBUILDABLE,Removed; rebuild on demand,Build output; never source authority,No source content,No,ignored
.next/server/middleware-manifest 2.json,B — GENERATED / REBUILDABLE,Removed; rebuild on demand,Build output; never source authority,No source content,No,ignored
.next/server/middleware.js 2.map,B — GENERATED / REBUILDABLE,Removed; rebuild on demand,Build output; never source authority,No source content,No,ignored
.next/server/middleware.js.nft 2.json,B — GENERATED / REBUILDABLE,Removed; rebuild on demand,Build output; never source authority,No source content,No,ignored
.next/server/next-font-manifest 2.js,B — GENERATED / REBUILDABLE,Removed; rebuild on demand,Build output; never source authority,No source content,No,ignored
.next/server/next-font-manifest 2.json,B — GENERATED / REBUILDABLE,Removed; rebuild on demand,Build output; never source authority,No source content,No,ignored
.next/server/pages-manifest 2.json,B — GENERATED / REBUILDABLE,Removed; rebuild on demand,Build output; never source authority,No source content,No,ignored
.next/server/prefetch-hints 2.json,B — GENERATED / REBUILDABLE,Removed; rebuild on demand,Build output; never source authority,No source content,No,ignored
.next/server/server-reference-manifest 2.js,B — GENERATED / REBUILDABLE,Removed; rebuild on demand,Build output; never source authority,No source content,No,ignored
.next/server/server-reference-manifest 2.json,B — GENERATED / REBUILDABLE,Removed; rebuild on demand,Build output; never source authority,No source content,No,ignored
.next/trace-build 3,B — GENERATED / REBUILDABLE,Removed; rebuild on demand,Build output; never source authority,No source content,No,ignored
.next/turbopack,B — GENERATED / REBUILDABLE,Removed; rebuild on demand,Build output; never source authority,No source content,No,ignored
.next/turbopack 2,B — GENERATED / REBUILDABLE,Removed; rebuild on demand,Build output; never source authority,No source content,No,ignored
.next/types/cache-life.d 2.ts,B — GENERATED / REBUILDABLE,Removed; rebuild on demand,Build output; never source authority,No source content,No,ignored
.next/types/cache-life.d 3.ts,B — GENERATED / REBUILDABLE,Removed; rebuild on demand,Build output; never source authority,No source content,No,ignored
.next/types/root-params.d 2.ts,B — GENERATED / REBUILDABLE,Removed; rebuild on demand,Build output; never source authority,No source content,No,ignored
.next/types/root-params.d 3.ts,B — GENERATED / REBUILDABLE,Removed; rebuild on demand,Build output; never source authority,No source content,No,ignored
.next/types/routes.d 2.ts,B — GENERATED / REBUILDABLE,Removed; rebuild on demand,Build output; never source authority,No source content,No,ignored
.next/types/routes.d 3.ts,B — GENERATED / REBUILDABLE,Removed; rebuild on demand,Build output; never source authority,No source content,No,ignored
.next/types/validator 2.ts,B — GENERATED / REBUILDABLE,Removed; rebuild on demand,Build output; never source authority,No source content,No,ignored
.next/types/validator 3.ts,B — GENERATED / REBUILDABLE,Removed; rebuild on demand,Build output; never source authority,No source content,No,ignored
.vercel/node/,B — GENERATED / REBUILDABLE,Removed stale output; regenerate cleanly,1 inventoried generated files; configuration and secrets outside output preserved.,No authoritative source,Generated only,ignored
.vercel/output/,B — GENERATED / REBUILDABLE,Removed stale output; regenerate cleanly,451 inventoried generated files; configuration and secrets outside output preserved.,No authoritative source,Generated only,ignored
.vercel/output/static/betti/ betti-working.webp,B — GENERATED / REBUILDABLE,Removed; rebuild on demand,Build output; never source authority,No source content,No,ignored
.vercel/output/static/templates/writeoffs_csv_template.csv,B — GENERATED / REBUILDABLE,Removed; rebuild on demand,Build output; never source authority,No source content,No,ignored
app/api/waitlist/confirm/route 2.ts,D — SUPERSEDED,Removed,Exact blob exists in older Git history; canonical replacement and current safeguards preserved.,No current required content,No,untracked
app/components/ArticleCTA.tsx,E — DEAD / UNREFERENCED,Removed,"No runtime entrypoint reaches this file; current signup, membership, Transactions, Check-in and SSR implementations supersede it.",Historical implementation remains in Git,No,tracked
app/components/BuyButton.tsx,E — DEAD / UNREFERENCED,Removed,"No runtime entrypoint reaches this file; current signup, membership, Transactions, Check-in and SSR implementations supersede it.",Historical implementation remains in Git,No,tracked
app/components/Callout.tsx,E — DEAD / UNREFERENCED,Removed,"No runtime entrypoint reaches this file; current signup, membership, Transactions, Check-in and SSR implementations supersede it.",Historical implementation remains in Git,No,tracked
app/components/CsvUploader.tsx,E — DEAD / UNREFERENCED,Removed,"No runtime entrypoint reaches this file; current signup, membership, Transactions, Check-in and SSR implementations supersede it.",Historical implementation remains in Git,No,tracked
app/components/PublicFooter 2.tsx,D — SUPERSEDED,Removed,Exact blob exists in older Git history; canonical replacement and current safeguards preserved.,No current required content,No,untracked
app/components/RuleCard.tsx,E — DEAD / UNREFERENCED,Removed,"No runtime entrypoint reaches this file; current signup, membership, Transactions, Check-in and SSR implementations supersede it.",Historical implementation remains in Git,No,tracked
app/components/WaitlistForm.tsx,E — DEAD / UNREFERENCED,Removed,"No runtime entrypoint reaches this file; current signup, membership, Transactions, Check-in and SSR implementations supersede it.",Historical implementation remains in Git,No,tracked
app/home/HomeAskBetti.tsx,E — DEAD / UNREFERENCED,Removed,"No runtime entrypoint reaches this file; current signup, membership, Transactions, Check-in and SSR implementations supersede it.",Historical implementation remains in Git,No,tracked
app/home/HomeReviewInvitation.tsx,E — DEAD / UNREFERENCED,Removed,"No runtime entrypoint reaches this file; current signup, membership, Transactions, Check-in and SSR implementations supersede it.",Historical implementation remains in Git,No,tracked
app/home/QuestionInvitation.tsx,E — DEAD / UNREFERENCED,Removed,"No runtime entrypoint reaches this file; current signup, membership, Transactions, Check-in and SSR implementations supersede it.",Historical implementation remains in Git,No,tracked
app/home/WeeklyReview 2.tsx,D — SUPERSEDED,Removed,Exact blob exists in older Git history; canonical replacement and current safeguards preserved.,No current required content,No,untracked
app/home/WeeklyReview.tsx,E — DEAD / UNREFERENCED,Removed,"No runtime entrypoint reaches this file; current signup, membership, Transactions, Check-in and SSR implementations supersede it.",Historical implementation remains in Git,No,tracked
app/home/home-financial-summary.ts,E — DEAD / UNREFERENCED,Removed,"No runtime entrypoint reaches this file; current signup, membership, Transactions, Check-in and SSR implementations supersede it.",Historical implementation remains in Git,No,tracked
app/lib/account-lifecycle/notification-templates.ts,A — CANONICAL / REQUIRED,Preserved,"Active implementation, regression evidence or protected backup/DR tooling; keyword is not obsolescence",Yes,Operational/test or runtime reference,tracked
app/lib/bookkeeping/potential-writeoffs-service.ts,E — DEAD / UNREFERENCED,Removed,"No runtime entrypoint reaches this file; current signup, membership, Transactions, Check-in and SSR implementations supersede it.",Historical implementation remains in Git,No,tracked
app/lib/mailer.js,E — DEAD / UNREFERENCED,Removed,"No runtime entrypoint reaches this file; current signup, membership, Transactions, Check-in and SSR implementations supersede it.",Historical implementation remains in Git,No,tracked
app/lib/onboarding/historical-review.ts,E — DEAD / UNREFERENCED,Removed,"No runtime entrypoint reaches this file; current signup, membership, Transactions, Check-in and SSR implementations supersede it.",Historical implementation remains in Git,No,tracked
app/lib/onboarding/plan-recommendation.ts,E — DEAD / UNREFERENCED,Removed,"No runtime entrypoint reaches this file; current signup, membership, Transactions, Check-in and SSR implementations supersede it.",Historical implementation remains in Git,No,tracked
app/lib/supabaseServer.d.ts,E — DEAD / UNREFERENCED,Removed,"No runtime entrypoint reaches this file; current signup, membership, Transactions, Check-in and SSR implementations supersede it.",Historical implementation remains in Git,No,tracked
app/lib/supabaseServer.ts,E — DEAD / UNREFERENCED,Removed,"No runtime entrypoint reaches this file; current signup, membership, Transactions, Check-in and SSR implementations supersede it.",Historical implementation remains in Git,No,tracked
app/login/page 2.tsx,D — SUPERSEDED,Removed,Exact blob exists in older Git history; canonical replacement and current safeguards preserved.,No current required content,No,untracked
app/reports/tax-time/page 2.tsx,D — SUPERSEDED,Removed,Exact blob exists in older Git history; canonical replacement and current safeguards preserved.,No current required content,No,untracked
app/review/ApproveNotesModal.tsx,E — DEAD / UNREFERENCED,Removed,"No runtime entrypoint reaches this file; current signup, membership, Transactions, Check-in and SSR implementations supersede it.",Historical implementation remains in Git,No,tracked
app/review/AskWriteOffsDrawer.tsx,E — DEAD / UNREFERENCED,Removed,"No runtime entrypoint reaches this file; current signup, membership, Transactions, Check-in and SSR implementations supersede it.",Historical implementation remains in Git,No,tracked
app/review/BulkTable.tsx,E — DEAD / UNREFERENCED,Removed,"No runtime entrypoint reaches this file; current signup, membership, Transactions, Check-in and SSR implementations supersede it.",Historical implementation remains in Git,No,tracked
app/review/CategorySelect.tsx,E — DEAD / UNREFERENCED,Removed,"No runtime entrypoint reaches this file; current signup, membership, Transactions, Check-in and SSR implementations supersede it.",Historical implementation remains in Git,No,tracked
backups/.env.local.20251107_1524,H — UNKNOWN / PROTECTED,Preserved,"Operator secrets, backup or CLI evidence; outside safe deletion scope",Potentially,No,ignored
backups/page.before-writeoffs-refresh.jsx,H — UNKNOWN / PROTECTED,Preserved,"Operator secrets, backup or CLI evidence; outside safe deletion scope",Potentially,No,ignored
docs/.DS_Store,B — GENERATED / REBUILDABLE,Removed,Rebuildable compiler cache or operating-system metadata.,No current required content,No,ignored
docs/BACKUP_AND_DISASTER_RECOVERY.md,A — CANONICAL / REQUIRED,Preserved,"Active implementation, regression evidence or protected backup/DR tooling; keyword is not obsolescence",Yes,No,tracked
next-env.d.ts,B — GENERATED / REBUILDABLE,Untracked and regenerated,Generated by Next.js / lockfile install,No,Build dependency,tracked
node_modules/,B — GENERATED / REBUILDABLE,Reinstalled,Generated by Next.js / lockfile install,No,Build dependency,ignored
node_modules/.bin/acorn 2,B — GENERATED / REBUILDABLE,Removed by npm ci,Dependency directory rebuilt from unchanged lockfile; numbered vendor copies absent afterward,Not project source; lockfile authoritative,Not canonical package entry,ignored
node_modules/.bin/autoprefixer 2,B — GENERATED / REBUILDABLE,Removed by npm ci,Dependency directory rebuilt from unchanged lockfile; numbered vendor copies absent afterward,Not project source; lockfile authoritative,Not canonical package entry,ignored
node_modules/.bin/baseline-browser-mapping 2,B — GENERATED / REBUILDABLE,Removed by npm ci,Dependency directory rebuilt from unchanged lockfile; numbered vendor copies absent afterward,Not project source; lockfile authoritative,Not canonical package entry,ignored
node_modules/.bin/browserslist 2,B — GENERATED / REBUILDABLE,Removed by npm ci,Dependency directory rebuilt from unchanged lockfile; numbered vendor copies absent afterward,Not project source; lockfile authoritative,Not canonical package entry,ignored
node_modules/.bin/cssesc 2,B — GENERATED / REBUILDABLE,Removed by npm ci,Dependency directory rebuilt from unchanged lockfile; numbered vendor copies absent afterward,Not project source; lockfile authoritative,Not canonical package entry,ignored
node_modules/.bin/esbuild 2,B — GENERATED / REBUILDABLE,Removed by npm ci,Dependency directory rebuilt from unchanged lockfile; numbered vendor copies absent afterward,Not project source; lockfile authoritative,Not canonical package entry,ignored
node_modules/.bin/eslint 2,B — GENERATED / REBUILDABLE,Removed by npm ci,Dependency directory rebuilt from unchanged lockfile; numbered vendor copies absent afterward,Not project source; lockfile authoritative,Not canonical package entry,ignored
node_modules/.bin/glob 2,B — GENERATED / REBUILDABLE,Removed by npm ci,Dependency directory rebuilt from unchanged lockfile; numbered vendor copies absent afterward,Not project source; lockfile authoritative,Not canonical package entry,ignored
node_modules/.bin/husky 2,B — GENERATED / REBUILDABLE,Removed by npm ci,Dependency directory rebuilt from unchanged lockfile; numbered vendor copies absent afterward,Not project source; lockfile authoritative,Not canonical package entry,ignored
node_modules/.bin/jiti 2,B — GENERATED / REBUILDABLE,Removed by npm ci,Dependency directory rebuilt from unchanged lockfile; numbered vendor copies absent afterward,Not project source; lockfile authoritative,Not canonical package entry,ignored
node_modules/.bin/js-yaml 2,B — GENERATED / REBUILDABLE,Removed by npm ci,Dependency directory rebuilt from unchanged lockfile; numbered vendor copies absent afterward,Not project source; lockfile authoritative,Not canonical package entry,ignored
node_modules/.bin/json5 2,B — GENERATED / REBUILDABLE,Removed by npm ci,Dependency directory rebuilt from unchanged lockfile; numbered vendor copies absent afterward,Not project source; lockfile authoritative,Not canonical package entry,ignored
node_modules/.bin/loose-envify 2,B — GENERATED / REBUILDABLE,Removed by npm ci,Dependency directory rebuilt from unchanged lockfile; numbered vendor copies absent afterward,Not project source; lockfile authoritative,Not canonical package entry,ignored
node_modules/.bin/nanoid 2,B — GENERATED / REBUILDABLE,Removed by npm ci,Dependency directory rebuilt from unchanged lockfile; numbered vendor copies absent afterward,Not project source; lockfile authoritative,Not canonical package entry,ignored
node_modules/.bin/napi-postinstall 2,B — GENERATED / REBUILDABLE,Removed by npm ci,Dependency directory rebuilt from unchanged lockfile; numbered vendor copies absent afterward,Not project source; lockfile authoritative,Not canonical package entry,ignored
node_modules/.bin/next 2,B — GENERATED / REBUILDABLE,Removed by npm ci,Dependency directory rebuilt from unchanged lockfile; numbered vendor copies absent afterward,Not project source; lockfile authoritative,Not canonical package entry,ignored
node_modules/.bin/node-which 2,B — GENERATED / REBUILDABLE,Removed by npm ci,Dependency directory rebuilt from unchanged lockfile; numbered vendor copies absent afterward,Not project source; lockfile authoritative,Not canonical package entry,ignored
node_modules/.bin/playwright 2,B — GENERATED / REBUILDABLE,Removed by npm ci,Dependency directory rebuilt from unchanged lockfile; numbered vendor copies absent afterward,Not project source; lockfile authoritative,Not canonical package entry,ignored
node_modules/.bin/playwright-core 2,B — GENERATED / REBUILDABLE,Removed by npm ci,Dependency directory rebuilt from unchanged lockfile; numbered vendor copies absent afterward,Not project source; lockfile authoritative,Not canonical package entry,ignored
node_modules/.bin/resolve 2,B — GENERATED / REBUILDABLE,Removed by npm ci,Dependency directory rebuilt from unchanged lockfile; numbered vendor copies absent afterward,Not project source; lockfile authoritative,Not canonical package entry,ignored
node_modules/.bin/rollup 2,B — GENERATED / REBUILDABLE,Removed by npm ci,Dependency directory rebuilt from unchanged lockfile; numbered vendor copies absent afterward,Not project source; lockfile authoritative,Not canonical package entry,ignored
node_modules/.bin/semver 2,B — GENERATED / REBUILDABLE,Removed by npm ci,Dependency directory rebuilt from unchanged lockfile; numbered vendor copies absent afterward,Not project source; lockfile authoritative,Not canonical package entry,ignored
node_modules/.bin/sucrase 2,B — GENERATED / REBUILDABLE,Removed by npm ci,Dependency directory rebuilt from unchanged lockfile; numbered vendor copies absent afterward,Not project source; lockfile authoritative,Not canonical package entry,ignored
node_modules/.bin/sucrase-node 2,B — GENERATED / REBUILDABLE,Removed by npm ci,Dependency directory rebuilt from unchanged lockfile; numbered vendor copies absent afterward,Not project source; lockfile authoritative,Not canonical package entry,ignored
node_modules/.bin/tailwind 2,B — GENERATED / REBUILDABLE,Removed by npm ci,Dependency directory rebuilt from unchanged lockfile; numbered vendor copies absent afterward,Not project source; lockfile authoritative,Not canonical package entry,ignored
node_modules/.bin/tailwindcss 2,B — GENERATED / REBUILDABLE,Removed by npm ci,Dependency directory rebuilt from unchanged lockfile; numbered vendor copies absent afterward,Not project source; lockfile authoritative,Not canonical package entry,ignored
node_modules/.bin/tsc 2,B — GENERATED / REBUILDABLE,Removed by npm ci,Dependency directory rebuilt from unchanged lockfile; numbered vendor copies absent afterward,Not project source; lockfile authoritative,Not canonical package entry,ignored
node_modules/.bin/tsserver 2,B — GENERATED / REBUILDABLE,Removed by npm ci,Dependency directory rebuilt from unchanged lockfile; numbered vendor copies absent afterward,Not project source; lockfile authoritative,Not canonical package entry,ignored
node_modules/.bin/update-browserslist-db 2,B — GENERATED / REBUILDABLE,Removed by npm ci,Dependency directory rebuilt from unchanged lockfile; numbered vendor copies absent afterward,Not project source; lockfile authoritative,Not canonical package entry,ignored
node_modules/.bin/vite 2,B — GENERATED / REBUILDABLE,Removed by npm ci,Dependency directory rebuilt from unchanged lockfile; numbered vendor copies absent afterward,Not project source; lockfile authoritative,Not canonical package entry,ignored
node_modules/.bin/vite-node 2,B — GENERATED / REBUILDABLE,Removed by npm ci,Dependency directory rebuilt from unchanged lockfile; numbered vendor copies absent afterward,Not project source; lockfile authoritative,Not canonical package entry,ignored
node_modules/.bin/vitest 2,B — GENERATED / REBUILDABLE,Removed by npm ci,Dependency directory rebuilt from unchanged lockfile; numbered vendor copies absent afterward,Not project source; lockfile authoritative,Not canonical package entry,ignored
node_modules/.bin/why-is-node-running 2,B — GENERATED / REBUILDABLE,Removed by npm ci,Dependency directory rebuilt from unchanged lockfile; numbered vendor copies absent afterward,Not project source; lockfile authoritative,Not canonical package entry,ignored
node_modules/.bin/yaml 2,B — GENERATED / REBUILDABLE,Removed by npm ci,Dependency directory rebuilt from unchanged lockfile; numbered vendor copies absent afterward,Not project source; lockfile authoritative,Not canonical package entry,ignored
node_modules/@esbuild/darwin-arm64/bin/esbuild 2,B — GENERATED / REBUILDABLE,Removed by npm ci,Dependency directory rebuilt from unchanged lockfile; numbered vendor copies absent afterward,Not project source; lockfile authoritative,Not canonical package entry,ignored
node_modules/@types/react/LICENSE 2,B — GENERATED / REBUILDABLE,Removed by npm ci,Dependency directory rebuilt from unchanged lockfile; numbered vendor copies absent afterward,Not project source; lockfile authoritative,Not canonical package entry,ignored
node_modules/@types/react/README 2.md,B — GENERATED / REBUILDABLE,Removed by npm ci,Dependency directory rebuilt from unchanged lockfile; numbered vendor copies absent afterward,Not project source; lockfile authoritative,Not canonical package entry,ignored
node_modules/@types/react/canary.d 2.ts,B — GENERATED / REBUILDABLE,Removed by npm ci,Dependency directory rebuilt from unchanged lockfile; numbered vendor copies absent afterward,Not project source; lockfile authoritative,Not canonical package entry,ignored
node_modules/@types/react/compiler-runtime.d 2.ts,B — GENERATED / REBUILDABLE,Removed by npm ci,Dependency directory rebuilt from unchanged lockfile; numbered vendor copies absent afterward,Not project source; lockfile authoritative,Not canonical package entry,ignored
node_modules/@types/react/experimental.d 2.ts,B — GENERATED / REBUILDABLE,Removed by npm ci,Dependency directory rebuilt from unchanged lockfile; numbered vendor copies absent afterward,Not project source; lockfile authoritative,Not canonical package entry,ignored
node_modules/@types/react/global.d 2.ts,B — GENERATED / REBUILDABLE,Removed by npm ci,Dependency directory rebuilt from unchanged lockfile; numbered vendor copies absent afterward,Not project source; lockfile authoritative,Not canonical package entry,ignored
node_modules/@types/react/index.d 2.ts,B — GENERATED / REBUILDABLE,Removed by npm ci,Dependency directory rebuilt from unchanged lockfile; numbered vendor copies absent afterward,Not project source; lockfile authoritative,Not canonical package entry,ignored
node_modules/@types/react/jsx-dev-runtime.d 2.ts,B — GENERATED / REBUILDABLE,Removed by npm ci,Dependency directory rebuilt from unchanged lockfile; numbered vendor copies absent afterward,Not project source; lockfile authoritative,Not canonical package entry,ignored
node_modules/@types/react/jsx-runtime.d 2.ts,B — GENERATED / REBUILDABLE,Removed by npm ci,Dependency directory rebuilt from unchanged lockfile; numbered vendor copies absent afterward,Not project source; lockfile authoritative,Not canonical package entry,ignored
node_modules/@types/react/package 2.json,B — GENERATED / REBUILDABLE,Removed by npm ci,Dependency directory rebuilt from unchanged lockfile; numbered vendor copies absent afterward,Not project source; lockfile authoritative,Not canonical package entry,ignored
node_modules/@vitest/runner/LICENSE 2,B — GENERATED / REBUILDABLE,Removed by npm ci,Dependency directory rebuilt from unchanged lockfile; numbered vendor copies absent afterward,Not project source; lockfile authoritative,Not canonical package entry,ignored
node_modules/@vitest/runner/README 2.md,B — GENERATED / REBUILDABLE,Removed by npm ci,Dependency directory rebuilt from unchanged lockfile; numbered vendor copies absent afterward,Not project source; lockfile authoritative,Not canonical package entry,ignored
node_modules/@vitest/runner/package 2.json,B — GENERATED / REBUILDABLE,Removed by npm ci,Dependency directory rebuilt from unchanged lockfile; numbered vendor copies absent afterward,Not project source; lockfile authoritative,Not canonical package entry,ignored
node_modules/@vitest/runner/types.d 2.ts,B — GENERATED / REBUILDABLE,Removed by npm ci,Dependency directory rebuilt from unchanged lockfile; numbered vendor copies absent afterward,Not project source; lockfile authoritative,Not canonical package entry,ignored
node_modules/@vitest/runner/utils.d 2.ts,B — GENERATED / REBUILDABLE,Removed by npm ci,Dependency directory rebuilt from unchanged lockfile; numbered vendor copies absent afterward,Not project source; lockfile authoritative,Not canonical package entry,ignored
node_modules/@vitest/utils/LICENSE 2,B — GENERATED / REBUILDABLE,Removed by npm ci,Dependency directory rebuilt from unchanged lockfile; numbered vendor copies absent afterward,Not project source; lockfile authoritative,Not canonical package entry,ignored
node_modules/@vitest/utils/diff.d 2.ts,B — GENERATED / REBUILDABLE,Removed by npm ci,Dependency directory rebuilt from unchanged lockfile; numbered vendor copies absent afterward,Not project source; lockfile authoritative,Not canonical package entry,ignored
node_modules/@vitest/utils/error.d 2.ts,B — GENERATED / REBUILDABLE,Removed by npm ci,Dependency directory rebuilt from unchanged lockfile; numbered vendor copies absent afterward,Not project source; lockfile authoritative,Not canonical package entry,ignored
node_modules/@vitest/utils/helpers.d 2.ts,B — GENERATED / REBUILDABLE,Removed by npm ci,Dependency directory rebuilt from unchanged lockfile; numbered vendor copies absent afterward,Not project source; lockfile authoritative,Not canonical package entry,ignored
node_modules/@vitest/utils/package 2.json,B — GENERATED / REBUILDABLE,Removed by npm ci,Dependency directory rebuilt from unchanged lockfile; numbered vendor copies absent afterward,Not project source; lockfile authoritative,Not canonical package entry,ignored
node_modules/acorn-jsx/LICENSE 2,B — GENERATED / REBUILDABLE,Removed by npm ci,Dependency directory rebuilt from unchanged lockfile; numbered vendor copies absent afterward,Not project source; lockfile authoritative,Not canonical package entry,ignored
node_modules/acorn-jsx/README 2.md,B — GENERATED / REBUILDABLE,Removed by npm ci,Dependency directory rebuilt from unchanged lockfile; numbered vendor copies absent afterward,Not project source; lockfile authoritative,Not canonical package entry,ignored
node_modules/acorn-jsx/index 2.js,B — GENERATED / REBUILDABLE,Removed by npm ci,Dependency directory rebuilt from unchanged lockfile; numbered vendor copies absent afterward,Not project source; lockfile authoritative,Not canonical package entry,ignored
node_modules/acorn-jsx/index.d 2.ts,B — GENERATED / REBUILDABLE,Removed by npm ci,Dependency directory rebuilt from unchanged lockfile; numbered vendor copies absent afterward,Not project source; lockfile authoritative,Not canonical package entry,ignored
node_modules/acorn-jsx/package 2.json,B — GENERATED / REBUILDABLE,Removed by npm ci,Dependency directory rebuilt from unchanged lockfile; numbered vendor copies absent afterward,Not project source; lockfile authoritative,Not canonical package entry,ignored
node_modules/acorn-jsx/xhtml 2.js,B — GENERATED / REBUILDABLE,Removed by npm ci,Dependency directory rebuilt from unchanged lockfile; numbered vendor copies absent afterward,Not project source; lockfile authoritative,Not canonical package entry,ignored
node_modules/acorn/CHANGELOG 2.md,B — GENERATED / REBUILDABLE,Removed by npm ci,Dependency directory rebuilt from unchanged lockfile; numbered vendor copies absent afterward,Not project source; lockfile authoritative,Not canonical package entry,ignored
node_modules/acorn/LICENSE 2,B — GENERATED / REBUILDABLE,Removed by npm ci,Dependency directory rebuilt from unchanged lockfile; numbered vendor copies absent afterward,Not project source; lockfile authoritative,Not canonical package entry,ignored
node_modules/acorn/README 2.md,B — GENERATED / REBUILDABLE,Removed by npm ci,Dependency directory rebuilt from unchanged lockfile; numbered vendor copies absent afterward,Not project source; lockfile authoritative,Not canonical package entry,ignored
node_modules/acorn/package 2.json,B — GENERATED / REBUILDABLE,Removed by npm ci,Dependency directory rebuilt from unchanged lockfile; numbered vendor copies absent afterward,Not project source; lockfile authoritative,Not canonical package entry,ignored
node_modules/ansi-regex/index 2.js,B — GENERATED / REBUILDABLE,Removed by npm ci,Dependency directory rebuilt from unchanged lockfile; numbered vendor copies absent afterward,Not project source; lockfile authoritative,Not canonical package entry,ignored
node_modules/ansi-regex/index.d 2.ts,B — GENERATED / REBUILDABLE,Removed by npm ci,Dependency directory rebuilt from unchanged lockfile; numbered vendor copies absent afterward,Not project source; lockfile authoritative,Not canonical package entry,ignored
node_modules/ansi-regex/license 2,B — GENERATED / REBUILDABLE,Removed by npm ci,Dependency directory rebuilt from unchanged lockfile; numbered vendor copies absent afterward,Not project source; lockfile authoritative,Not canonical package entry,ignored
node_modules/ansi-regex/package 2.json,B — GENERATED / REBUILDABLE,Removed by npm ci,Dependency directory rebuilt from unchanged lockfile; numbered vendor copies absent afterward,Not project source; lockfile authoritative,Not canonical package entry,ignored
node_modules/ansi-regex/readme 2.md,B — GENERATED / REBUILDABLE,Removed by npm ci,Dependency directory rebuilt from unchanged lockfile; numbered vendor copies absent afterward,Not project source; lockfile authoritative,Not canonical package entry,ignored
node_modules/ansi-styles/index 2.js,B — GENERATED / REBUILDABLE,Removed by npm ci,Dependency directory rebuilt from unchanged lockfile; numbered vendor copies absent afterward,Not project source; lockfile authoritative,Not canonical package entry,ignored
node_modules/ansi-styles/index.d 2.ts,B — GENERATED / REBUILDABLE,Removed by npm ci,Dependency directory rebuilt from unchanged lockfile; numbered vendor copies absent afterward,Not project source; lockfile authoritative,Not canonical package entry,ignored
node_modules/ansi-styles/license 2,B — GENERATED / REBUILDABLE,Removed by npm ci,Dependency directory rebuilt from unchanged lockfile; numbered vendor copies absent afterward,Not project source; lockfile authoritative,Not canonical package entry,ignored
node_modules/ansi-styles/package 2.json,B — GENERATED / REBUILDABLE,Removed by npm ci,Dependency directory rebuilt from unchanged lockfile; numbered vendor copies absent afterward,Not project source; lockfile authoritative,Not canonical package entry,ignored
node_modules/ansi-styles/readme 2.md,B — GENERATED / REBUILDABLE,Removed by npm ci,Dependency directory rebuilt from unchanged lockfile; numbered vendor copies absent afterward,Not project source; lockfile authoritative,Not canonical package entry,ignored
node_modules/any-promise/.jshintrc 2,B — GENERATED / REBUILDABLE,Removed by npm ci,Dependency directory rebuilt from unchanged lockfile; numbered vendor copies absent afterward,Not project source; lockfile authoritative,Not canonical package entry,ignored
node_modules/any-promise/.npmignore 2,B — GENERATED / REBUILDABLE,Removed by npm ci,Dependency directory rebuilt from unchanged lockfile; numbered vendor copies absent afterward,Not project source; lockfile authoritative,Not canonical package entry,ignored
node_modules/any-promise/LICENSE 2,B — GENERATED / REBUILDABLE,Removed by npm ci,Dependency directory rebuilt from unchanged lockfile; numbered vendor copies absent afterward,Not project source; lockfile authoritative,Not canonical package entry,ignored
node_modules/any-promise/README 2.md,B — GENERATED / REBUILDABLE,Removed by npm ci,Dependency directory rebuilt from unchanged lockfile; numbered vendor copies absent afterward,Not project source; lockfile authoritative,Not canonical package entry,ignored
node_modules/any-promise/implementation 2.js,B — GENERATED / REBUILDABLE,Removed by npm ci,Dependency directory rebuilt from unchanged lockfile; numbered vendor copies absent afterward,Not project source; lockfile authoritative,Not canonical package entry,ignored
node_modules/any-promise/implementation.d 2.ts,B — GENERATED / REBUILDABLE,Removed by npm ci,Dependency directory rebuilt from unchanged lockfile; numbered vendor copies absent afterward,Not project source; lockfile authoritative,Not canonical package entry,ignored
node_modules/any-promise/index 2.js,B — GENERATED / REBUILDABLE,Removed by npm ci,Dependency directory rebuilt from unchanged lockfile; numbered vendor copies absent afterward,Not project source; lockfile authoritative,Not canonical package entry,ignored
node_modules/any-promise/index.d 2.ts,B — GENERATED / REBUILDABLE,Removed by npm ci,Dependency directory rebuilt from unchanged lockfile; numbered vendor copies absent afterward,Not project source; lockfile authoritative,Not canonical package entry,ignored
node_modules/any-promise/loader 2.js,B — GENERATED / REBUILDABLE,Removed by npm ci,Dependency directory rebuilt from unchanged lockfile; numbered vendor copies absent afterward,Not project source; lockfile authoritative,Not canonical package entry,ignored
node_modules/any-promise/optional 2.js,B — GENERATED / REBUILDABLE,Removed by npm ci,Dependency directory rebuilt from unchanged lockfile; numbered vendor copies absent afterward,Not project source; lockfile authoritative,Not canonical package entry,ignored
node_modules/any-promise/package 2.json,B — GENERATED / REBUILDABLE,Removed by npm ci,Dependency directory rebuilt from unchanged lockfile; numbered vendor copies absent afterward,Not project source; lockfile authoritative,Not canonical package entry,ignored
node_modules/any-promise/register 2.js,B — GENERATED / REBUILDABLE,Removed by npm ci,Dependency directory rebuilt from unchanged lockfile; numbered vendor copies absent afterward,Not project source; lockfile authoritative,Not canonical package entry,ignored
node_modules/any-promise/register-shim 2.js,B — GENERATED / REBUILDABLE,Removed by npm ci,Dependency directory rebuilt from unchanged lockfile; numbered vendor copies absent afterward,Not project source; lockfile authoritative,Not canonical package entry,ignored
node_modules/any-promise/register.d 2.ts,B — GENERATED / REBUILDABLE,Removed by npm ci,Dependency directory rebuilt from unchanged lockfile; numbered vendor copies absent afterward,Not project source; lockfile authoritative,Not canonical package entry,ignored
node_modules/anymatch/LICENSE 2,B — GENERATED / REBUILDABLE,Removed by npm ci,Dependency directory rebuilt from unchanged lockfile; numbered vendor copies absent afterward,Not project source; lockfile authoritative,Not canonical package entry,ignored
node_modules/anymatch/README 2.md,B — GENERATED / REBUILDABLE,Removed by npm ci,Dependency directory rebuilt from unchanged lockfile; numbered vendor copies absent afterward,Not project source; lockfile authoritative,Not canonical package entry,ignored
node_modules/anymatch/index 2.js,B — GENERATED / REBUILDABLE,Removed by npm ci,Dependency directory rebuilt from unchanged lockfile; numbered vendor copies absent afterward,Not project source; lockfile authoritative,Not canonical package entry,ignored
node_modules/anymatch/index.d 2.ts,B — GENERATED / REBUILDABLE,Removed by npm ci,Dependency directory rebuilt from unchanged lockfile; numbered vendor copies absent afterward,Not project source; lockfile authoritative,Not canonical package entry,ignored
node_modules/anymatch/package 2.json,B — GENERATED / REBUILDABLE,Removed by npm ci,Dependency directory rebuilt from unchanged lockfile; numbered vendor copies absent afterward,Not project source; lockfile authoritative,Not canonical package entry,ignored
node_modules/arg/LICENSE 2.md,B — GENERATED / REBUILDABLE,Removed by npm ci,Dependency directory rebuilt from unchanged lockfile; numbered vendor copies absent afterward,Not project source; lockfile authoritative,Not canonical package entry,ignored
node_modules/arg/README 2.md,B — GENERATED / REBUILDABLE,Removed by npm ci,Dependency directory rebuilt from unchanged lockfile; numbered vendor copies absent afterward,Not project source; lockfile authoritative,Not canonical package entry,ignored
node_modules/arg/index 2.js,B — GENERATED / REBUILDABLE,Removed by npm ci,Dependency directory rebuilt from unchanged lockfile; numbered vendor copies absent afterward,Not project source; lockfile authoritative,Not canonical package entry,ignored
node_modules/arg/index.d 2.ts,B — GENERATED / REBUILDABLE,Removed by npm ci,Dependency directory rebuilt from unchanged lockfile; numbered vendor copies absent afterward,Not project source; lockfile authoritative,Not canonical package entry,ignored
node_modules/arg/package 2.json,B — GENERATED / REBUILDABLE,Removed by npm ci,Dependency directory rebuilt from unchanged lockfile; numbered vendor copies absent afterward,Not project source; lockfile authoritative,Not canonical package entry,ignored
node_modules/argparse/CHANGELOG 2.md,B — GENERATED / REBUILDABLE,Removed by npm ci,Dependency directory rebuilt from unchanged lockfile; numbered vendor copies absent afterward,Not project source; lockfile authoritative,Not canonical package entry,ignored
node_modules/argparse/LICENSE 2,B — GENERATED / REBUILDABLE,Removed by npm ci,Dependency directory rebuilt from unchanged lockfile; numbered vendor copies absent afterward,Not project source; lockfile authoritative,Not canonical package entry,ignored
node_modules/argparse/README 2.md,B — GENERATED / REBUILDABLE,Removed by npm ci,Dependency directory rebuilt from unchanged lockfile; numbered vendor copies absent afterward,Not project source; lockfile authoritative,Not canonical package entry,ignored
node_modules/argparse/argparse 2.js,B — GENERATED / REBUILDABLE,Removed by npm ci,Dependency directory rebuilt from unchanged lockfile; numbered vendor copies absent afterward,Not project source; lockfile authoritative,Not canonical package entry,ignored
node_modules/argparse/package 2.json,B — GENERATED / REBUILDABLE,Removed by npm ci,Dependency directory rebuilt from unchanged lockfile; numbered vendor copies absent afterward,Not project source; lockfile authoritative,Not canonical package entry,ignored
node_modules/aria-query/LICENSE 2,B — GENERATED / REBUILDABLE,Removed by npm ci,Dependency directory rebuilt from unchanged lockfile; numbered vendor copies absent afterward,Not project source; lockfile authoritative,Not canonical package entry,ignored
node_modules/aria-query/README 2.md,B — GENERATED / REBUILDABLE,Removed by npm ci,Dependency directory rebuilt from unchanged lockfile; numbered vendor copies absent afterward,Not project source; lockfile authoritative,Not canonical package entry,ignored
node_modules/aria-query/package 2.json,B — GENERATED / REBUILDABLE,Removed by npm ci,Dependency directory rebuilt from unchanged lockfile; numbered vendor copies absent afterward,Not project source; lockfile authoritative,Not canonical package entry,ignored
node_modules/array-buffer-byte-length/.eslintrc 2,B — GENERATED / REBUILDABLE,Removed by npm ci,Dependency directory rebuilt from unchanged lockfile; numbered vendor copies absent afterward,Not project source; lockfile authoritative,Not canonical package entry,ignored
node_modules/array-buffer-byte-length/.nycrc 2,B — GENERATED / REBUILDABLE,Removed by npm ci,Dependency directory rebuilt from unchanged lockfile; numbered vendor copies absent afterward,Not project source; lockfile authoritative,Not canonical package entry,ignored
node_modules/array-buffer-byte-length/CHANGELOG 2.md,B — GENERATED / REBUILDABLE,Removed by npm ci,Dependency directory rebuilt from unchanged lockfile; numbered vendor copies absent afterward,Not project source; lockfile authoritative,Not canonical package entry,ignored
node_modules/array-buffer-byte-length/LICENSE 2,B — GENERATED / REBUILDABLE,Removed by npm ci,Dependency directory rebuilt from unchanged lockfile; numbered vendor copies absent afterward,Not project source; lockfile authoritative,Not canonical package entry,ignored
node_modules/array-buffer-byte-length/README 2.md,B — GENERATED / REBUILDABLE,Removed by npm ci,Dependency directory rebuilt from unchanged lockfile; numbered vendor copies absent afterward,Not project source; lockfile authoritative,Not canonical package entry,ignored
node_modules/array-buffer-byte-length/index 2.js,B — GENERATED / REBUILDABLE,Removed by npm ci,Dependency directory rebuilt from unchanged lockfile; numbered vendor copies absent afterward,Not project source; lockfile authoritative,Not canonical package entry,ignored
node_modules/array-buffer-byte-length/index.d 2.ts,B — GENERATED / REBUILDABLE,Removed by npm ci,Dependency directory rebuilt from unchanged lockfile; numbered vendor copies absent afterward,Not project source; lockfile authoritative,Not canonical package entry,ignored
node_modules/array-buffer-byte-length/package 2.json,B — GENERATED / REBUILDABLE,Removed by npm ci,Dependency directory rebuilt from unchanged lockfile; numbered vendor copies absent afterward,Not project source; lockfile authoritative,Not canonical package entry,ignored
node_modules/array-buffer-byte-length/tsconfig 2.json,B — GENERATED / REBUILDABLE,Removed by npm ci,Dependency directory rebuilt from unchanged lockfile; numbered vendor copies absent afterward,Not project source; lockfile authoritative,Not canonical package entry,ignored
node_modules/array-includes/.editorconfig 2,B — GENERATED / REBUILDABLE,Removed by npm ci,Dependency directory rebuilt from unchanged lockfile; numbered vendor copies absent afterward,Not project source; lockfile authoritative,Not canonical package entry,ignored
node_modules/array-includes/.eslintrc 2,B — GENERATED / REBUILDABLE,Removed by npm ci,Dependency directory rebuilt from unchanged lockfile; numbered vendor copies absent afterward,Not project source; lockfile authoritative,Not canonical package entry,ignored
node_modules/array-includes/.nycrc 2,B — GENERATED / REBUILDABLE,Removed by npm ci,Dependency directory rebuilt from unchanged lockfile; numbered vendor copies absent afterward,Not project source; lockfile authoritative,Not canonical package entry,ignored
node_modules/array-includes/CHANGELOG 2.md,B — GENERATED / REBUILDABLE,Removed by npm ci,Dependency directory rebuilt from unchanged lockfile; numbered vendor copies absent afterward,Not project source; lockfile authoritative,Not canonical package entry,ignored
node_modules/array-includes/LICENSE 2,B — GENERATED / REBUILDABLE,Removed by npm ci,Dependency directory rebuilt from unchanged lockfile; numbered vendor copies absent afterward,Not project source; lockfile authoritative,Not canonical package entry,ignored
node_modules/array-includes/README 2.md,B — GENERATED / REBUILDABLE,Removed by npm ci,Dependency directory rebuilt from unchanged lockfile; numbered vendor copies absent afterward,Not project source; lockfile authoritative,Not canonical package entry,ignored
node_modules/array-includes/auto 2.js,B — GENERATED / REBUILDABLE,Removed by npm ci,Dependency directory rebuilt from unchanged lockfile; numbered vendor copies absent afterward,Not project source; lockfile authoritative,Not canonical package entry,ignored
node_modules/array-includes/implementation 2.js,B — GENERATED / REBUILDABLE,Removed by npm ci,Dependency directory rebuilt from unchanged lockfile; numbered vendor copies absent afterward,Not project source; lockfile authoritative,Not canonical package entry,ignored
node_modules/array-includes/index 2.js,B — GENERATED / REBUILDABLE,Removed by npm ci,Dependency directory rebuilt from unchanged lockfile; numbered vendor copies absent afterward,Not project source; lockfile authoritative,Not canonical package entry,ignored
node_modules/array-includes/package 2.json,B — GENERATED / REBUILDABLE,Removed by npm ci,Dependency directory rebuilt from unchanged lockfile; numbered vendor copies absent afterward,Not project source; lockfile authoritative,Not canonical package entry,ignored
node_modules/array-includes/polyfill 2.js,B — GENERATED / REBUILDABLE,Removed by npm ci,Dependency directory rebuilt from unchanged lockfile; numbered vendor copies absent afterward,Not project source; lockfile authoritative,Not canonical package entry,ignored
node_modules/array-includes/shim 2.js,B — GENERATED / REBUILDABLE,Removed by npm ci,Dependency directory rebuilt from unchanged lockfile; numbered vendor copies absent afterward,Not project source; lockfile authoritative,Not canonical package entry,ignored
node_modules/array.prototype.findlast/.editorconfig 2,B — GENERATED / REBUILDABLE,Removed by npm ci,Dependency directory rebuilt from unchanged lockfile; numbered vendor copies absent afterward,Not project source; lockfile authoritative,Not canonical package entry,ignored
node_modules/array.prototype.findlast/.eslintrc 2,B — GENERATED / REBUILDABLE,Removed by npm ci,Dependency directory rebuilt from unchanged lockfile; numbered vendor copies absent afterward,Not project source; lockfile authoritative,Not canonical package entry,ignored
node_modules/array.prototype.findlast/.nycrc 2,B — GENERATED / REBUILDABLE,Removed by npm ci,Dependency directory rebuilt from unchanged lockfile; numbered vendor copies absent afterward,Not project source; lockfile authoritative,Not canonical package entry,ignored
node_modules/array.prototype.findlast/CHANGELOG 2.md,B — GENERATED / REBUILDABLE,Removed by npm ci,Dependency directory rebuilt from unchanged lockfile; numbered vendor copies absent afterward,Not project source; lockfile authoritative,Not canonical package entry,ignored
node_modules/array.prototype.findlast/LICENSE 2,B — GENERATED / REBUILDABLE,Removed by npm ci,Dependency directory rebuilt from unchanged lockfile; numbered vendor copies absent afterward,Not project source; lockfile authoritative,Not canonical package entry,ignored
node_modules/array.prototype.findlast/README 2.md,B — GENERATED / REBUILDABLE,Removed by npm ci,Dependency directory rebuilt from unchanged lockfile; numbered vendor copies absent afterward,Not project source; lockfile authoritative,Not canonical package entry,ignored
node_modules/array.prototype.findlast/auto 2.js,B — GENERATED / REBUILDABLE,Removed by npm ci,Dependency directory rebuilt from unchanged lockfile; numbered vendor copies absent afterward,Not project source; lockfile authoritative,Not canonical package entry,ignored
node_modules/array.prototype.findlast/implementation 2.js,B — GENERATED / REBUILDABLE,Removed by npm ci,Dependency directory rebuilt from unchanged lockfile; numbered vendor copies absent afterward,Not project source; lockfile authoritative,Not canonical package entry,ignored
node_modules/array.prototype.findlast/index 2.js,B — GENERATED / REBUILDABLE,Removed by npm ci,Dependency directory rebuilt from unchanged lockfile; numbered vendor copies absent afterward,Not project source; lockfile authoritative,Not canonical package entry,ignored
node_modules/array.prototype.findlast/package 2.json,B — GENERATED / REBUILDABLE,Removed by npm ci,Dependency directory rebuilt from unchanged lockfile; numbered vendor copies absent afterward,Not project source; lockfile authoritative,Not canonical package entry,ignored
node_modules/array.prototype.findlast/polyfill 2.js,B — GENERATED / REBUILDABLE,Removed by npm ci,Dependency directory rebuilt from unchanged lockfile; numbered vendor copies absent afterward,Not project source; lockfile authoritative,Not canonical package entry,ignored
node_modules/array.prototype.findlast/shim 2.js,B — GENERATED / REBUILDABLE,Removed by npm ci,Dependency directory rebuilt from unchanged lockfile; numbered vendor copies absent afterward,Not project source; lockfile authoritative,Not canonical package entry,ignored
node_modules/array.prototype.findlastindex/.eslintrc 2,B — GENERATED / REBUILDABLE,Removed by npm ci,Dependency directory rebuilt from unchanged lockfile; numbered vendor copies absent afterward,Not project source; lockfile authoritative,Not canonical package entry,ignored
node_modules/array.prototype.findlastindex/.nycrc 2,B — GENERATED / REBUILDABLE,Removed by npm ci,Dependency directory rebuilt from unchanged lockfile; numbered vendor copies absent afterward,Not project source; lockfile authoritative,Not canonical package entry,ignored
node_modules/array.prototype.findlastindex/CHANGELOG 2.md,B — GENERATED / REBUILDABLE,Removed by npm ci,Dependency directory rebuilt from unchanged lockfile; numbered vendor copies absent afterward,Not project source; lockfile authoritative,Not canonical package entry,ignored
node_modules/array.prototype.findlastindex/LICENSE 2,B — GENERATED / REBUILDABLE,Removed by npm ci,Dependency directory rebuilt from unchanged lockfile; numbered vendor copies absent afterward,Not project source; lockfile authoritative,Not canonical package entry,ignored
node_modules/array.prototype.findlastindex/README 2.md,B — GENERATED / REBUILDABLE,Removed by npm ci,Dependency directory rebuilt from unchanged lockfile; numbered vendor copies absent afterward,Not project source; lockfile authoritative,Not canonical package entry,ignored
node_modules/array.prototype.findlastindex/auto 2.js,B — GENERATED / REBUILDABLE,Removed by npm ci,Dependency directory rebuilt from unchanged lockfile; numbered vendor copies absent afterward,Not project source; lockfile authoritative,Not canonical package entry,ignored
node_modules/array.prototype.findlastindex/implementation 2.js,B — GENERATED / REBUILDABLE,Removed by npm ci,Dependency directory rebuilt from unchanged lockfile; numbered vendor copies absent afterward,Not project source; lockfile authoritative,Not canonical package entry,ignored
node_modules/array.prototype.findlastindex/index 2.js,B — GENERATED / REBUILDABLE,Removed by npm ci,Dependency directory rebuilt from unchanged lockfile; numbered vendor copies absent afterward,Not project source; lockfile authoritative,Not canonical package entry,ignored
node_modules/array.prototype.findlastindex/package 2.json,B — GENERATED / REBUILDABLE,Removed by npm ci,Dependency directory rebuilt from unchanged lockfile; numbered vendor copies absent afterward,Not project source; lockfile authoritative,Not canonical package entry,ignored
node_modules/array.prototype.findlastindex/polyfill 2.js,B — GENERATED / REBUILDABLE,Removed by npm ci,Dependency directory rebuilt from unchanged lockfile; numbered vendor copies absent afterward,Not project source; lockfile authoritative,Not canonical package entry,ignored
node_modules/array.prototype.findlastindex/shim 2.js,B — GENERATED / REBUILDABLE,Removed by npm ci,Dependency directory rebuilt from unchanged lockfile; numbered vendor copies absent afterward,Not project source; lockfile authoritative,Not canonical package entry,ignored
node_modules/array.prototype.flat/.editorconfig 2,B — GENERATED / REBUILDABLE,Removed by npm ci,Dependency directory rebuilt from unchanged lockfile; numbered vendor copies absent afterward,Not project source; lockfile authoritative,Not canonical package entry,ignored
node_modules/array.prototype.flat/.eslintrc 2,B — GENERATED / REBUILDABLE,Removed by npm ci,Dependency directory rebuilt from unchanged lockfile; numbered vendor copies absent afterward,Not project source; lockfile authoritative,Not canonical package entry,ignored
node_modules/array.prototype.flat/.nycrc 2,B — GENERATED / REBUILDABLE,Removed by npm ci,Dependency directory rebuilt from unchanged lockfile; numbered vendor copies absent afterward,Not project source; lockfile authoritative,Not canonical package entry,ignored
node_modules/array.prototype.flat/CHANGELOG 2.md,B — GENERATED / REBUILDABLE,Removed by npm ci,Dependency directory rebuilt from unchanged lockfile; numbered vendor copies absent afterward,Not project source; lockfile authoritative,Not canonical package entry,ignored
node_modules/array.prototype.flat/LICENSE 2,B — GENERATED / REBUILDABLE,Removed by npm ci,Dependency directory rebuilt from unchanged lockfile; numbered vendor copies absent afterward,Not project source; lockfile authoritative,Not canonical package entry,ignored
node_modules/array.prototype.flat/README 2.md,B — GENERATED / REBUILDABLE,Removed by npm ci,Dependency directory rebuilt from unchanged lockfile; numbered vendor copies absent afterward,Not project source; lockfile authoritative,Not canonical package entry,ignored
node_modules/array.prototype.flat/auto 2.js,B — GENERATED / REBUILDABLE,Removed by npm ci,Dependency directory rebuilt from unchanged lockfile; numbered vendor copies absent afterward,Not project source; lockfile authoritative,Not canonical package entry,ignored
node_modules/array.prototype.flat/implementation 2.js,B — GENERATED / REBUILDABLE,Removed by npm ci,Dependency directory rebuilt from unchanged lockfile; numbered vendor copies absent afterward,Not project source; lockfile authoritative,Not canonical package entry,ignored
node_modules/array.prototype.flat/index 2.js,B — GENERATED / REBUILDABLE,Removed by npm ci,Dependency directory rebuilt from unchanged lockfile; numbered vendor copies absent afterward,Not project source; lockfile authoritative,Not canonical package entry,ignored
node_modules/array.prototype.flat/package 2.json,B — GENERATED / REBUILDABLE,Removed by npm ci,Dependency directory rebuilt from unchanged lockfile; numbered vendor copies absent afterward,Not project source; lockfile authoritative,Not canonical package entry,ignored
node_modules/array.prototype.flat/polyfill 2.js,B — GENERATED / REBUILDABLE,Removed by npm ci,Dependency directory rebuilt from unchanged lockfile; numbered vendor copies absent afterward,Not project source; lockfile authoritative,Not canonical package entry,ignored
node_modules/array.prototype.flat/shim 2.js,B — GENERATED / REBUILDABLE,Removed by npm ci,Dependency directory rebuilt from unchanged lockfile; numbered vendor copies absent afterward,Not project source; lockfile authoritative,Not canonical package entry,ignored
node_modules/array.prototype.flatmap/.editorconfig 2,B — GENERATED / REBUILDABLE,Removed by npm ci,Dependency directory rebuilt from unchanged lockfile; numbered vendor copies absent afterward,Not project source; lockfile authoritative,Not canonical package entry,ignored
node_modules/array.prototype.flatmap/.eslintrc 2,B — GENERATED / REBUILDABLE,Removed by npm ci,Dependency directory rebuilt from unchanged lockfile; numbered vendor copies absent afterward,Not project source; lockfile authoritative,Not canonical package entry,ignored
node_modules/array.prototype.flatmap/.nycrc 2,B — GENERATED / REBUILDABLE,Removed by npm ci,Dependency directory rebuilt from unchanged lockfile; numbered vendor copies absent afterward,Not project source; lockfile authoritative,Not canonical package entry,ignored
node_modules/array.prototype.flatmap/CHANGELOG 2.md,B — GENERATED / REBUILDABLE,Removed by npm ci,Dependency directory rebuilt from unchanged lockfile; numbered vendor copies absent afterward,Not project source; lockfile authoritative,Not canonical package entry,ignored
node_modules/array.prototype.flatmap/LICENSE 2,B — GENERATED / REBUILDABLE,Removed by npm ci,Dependency directory rebuilt from unchanged lockfile; numbered vendor copies absent afterward,Not project source; lockfile authoritative,Not canonical package entry,ignored
node_modules/array.prototype.flatmap/README 2.md,B — GENERATED / REBUILDABLE,Removed by npm ci,Dependency directory rebuilt from unchanged lockfile; numbered vendor copies absent afterward,Not project source; lockfile authoritative,Not canonical package entry,ignored
node_modules/array.prototype.flatmap/auto 2.js,B — GENERATED / REBUILDABLE,Removed by npm ci,Dependency directory rebuilt from unchanged lockfile; numbered vendor copies absent afterward,Not project source; lockfile authoritative,Not canonical package entry,ignored
node_modules/array.prototype.flatmap/implementation 2.js,B — GENERATED / REBUILDABLE,Removed by npm ci,Dependency directory rebuilt from unchanged lockfile; numbered vendor copies absent afterward,Not project source; lockfile authoritative,Not canonical package entry,ignored
node_modules/array.prototype.flatmap/index 2.js,B — GENERATED / REBUILDABLE,Removed by npm ci,Dependency directory rebuilt from unchanged lockfile; numbered vendor copies absent afterward,Not project source; lockfile authoritative,Not canonical package entry,ignored
node_modules/array.prototype.flatmap/package 2.json,B — GENERATED / REBUILDABLE,Removed by npm ci,Dependency directory rebuilt from unchanged lockfile; numbered vendor copies absent afterward,Not project source; lockfile authoritative,Not canonical package entry,ignored
node_modules/array.prototype.flatmap/polyfill 2.js,B — GENERATED / REBUILDABLE,Removed by npm ci,Dependency directory rebuilt from unchanged lockfile; numbered vendor copies absent afterward,Not project source; lockfile authoritative,Not canonical package entry,ignored
node_modules/array.prototype.flatmap/shim 2.js,B — GENERATED / REBUILDABLE,Removed by npm ci,Dependency directory rebuilt from unchanged lockfile; numbered vendor copies absent afterward,Not project source; lockfile authoritative,Not canonical package entry,ignored
node_modules/array.prototype.tosorted/.eslintrc 2,B — GENERATED / REBUILDABLE,Removed by npm ci,Dependency directory rebuilt from unchanged lockfile; numbered vendor copies absent afterward,Not project source; lockfile authoritative,Not canonical package entry,ignored
node_modules/array.prototype.tosorted/.nycrc 2,B — GENERATED / REBUILDABLE,Removed by npm ci,Dependency directory rebuilt from unchanged lockfile; numbered vendor copies absent afterward,Not project source; lockfile authoritative,Not canonical package entry,ignored
node_modules/array.prototype.tosorted/CHANGELOG 2.md,B — GENERATED / REBUILDABLE,Removed by npm ci,Dependency directory rebuilt from unchanged lockfile; numbered vendor copies absent afterward,Not project source; lockfile authoritative,Not canonical package entry,ignored
node_modules/array.prototype.tosorted/LICENSE 2,B — GENERATED / REBUILDABLE,Removed by npm ci,Dependency directory rebuilt from unchanged lockfile; numbered vendor copies absent afterward,Not project source; lockfile authoritative,Not canonical package entry,ignored
node_modules/array.prototype.tosorted/README 2.md,B — GENERATED / REBUILDABLE,Removed by npm ci,Dependency directory rebuilt from unchanged lockfile; numbered vendor copies absent afterward,Not project source; lockfile authoritative,Not canonical package entry,ignored
node_modules/array.prototype.tosorted/auto 2.js,B — GENERATED / REBUILDABLE,Removed by npm ci,Dependency directory rebuilt from unchanged lockfile; numbered vendor copies absent afterward,Not project source; lockfile authoritative,Not canonical package entry,ignored
node_modules/array.prototype.tosorted/implementation 2.js,B — GENERATED / REBUILDABLE,Removed by npm ci,Dependency directory rebuilt from unchanged lockfile; numbered vendor copies absent afterward,Not project source; lockfile authoritative,Not canonical package entry,ignored
node_modules/array.prototype.tosorted/index 2.js,B — GENERATED / REBUILDABLE,Removed by npm ci,Dependency directory rebuilt from unchanged lockfile; numbered vendor copies absent afterward,Not project source; lockfile authoritative,Not canonical package entry,ignored
node_modules/array.prototype.tosorted/package 2.json,B — GENERATED / REBUILDABLE,Removed by npm ci,Dependency directory rebuilt from unchanged lockfile; numbered vendor copies absent afterward,Not project source; lockfile authoritative,Not canonical package entry,ignored
node_modules/array.prototype.tosorted/polyfill 2.js,B — GENERATED / REBUILDABLE,Removed by npm ci,Dependency directory rebuilt from unchanged lockfile; numbered vendor copies absent afterward,Not project source; lockfile authoritative,Not canonical package entry,ignored
node_modules/array.prototype.tosorted/shim 2.js,B — GENERATED / REBUILDABLE,Removed by npm ci,Dependency directory rebuilt from unchanged lockfile; numbered vendor copies absent afterward,Not project source; lockfile authoritative,Not canonical package entry,ignored
node_modules/arraybuffer.prototype.slice/.editorconfig 2,B — GENERATED / REBUILDABLE,Removed by npm ci,Dependency directory rebuilt from unchanged lockfile; numbered vendor copies absent afterward,Not project source; lockfile authoritative,Not canonical package entry,ignored
node_modules/arraybuffer.prototype.slice/.eslintrc 2,B — GENERATED / REBUILDABLE,Removed by npm ci,Dependency directory rebuilt from unchanged lockfile; numbered vendor copies absent afterward,Not project source; lockfile authoritative,Not canonical package entry,ignored
node_modules/arraybuffer.prototype.slice/.nycrc 2,B — GENERATED / REBUILDABLE,Removed by npm ci,Dependency directory rebuilt from unchanged lockfile; numbered vendor copies absent afterward,Not project source; lockfile authoritative,Not canonical package entry,ignored
node_modules/arraybuffer.prototype.slice/CHANGELOG 2.md,B — GENERATED / REBUILDABLE,Removed by npm ci,Dependency directory rebuilt from unchanged lockfile; numbered vendor copies absent afterward,Not project source; lockfile authoritative,Not canonical package entry,ignored
node_modules/arraybuffer.prototype.slice/LICENSE 2,B — GENERATED / REBUILDABLE,Removed by npm ci,Dependency directory rebuilt from unchanged lockfile; numbered vendor copies absent afterward,Not project source; lockfile authoritative,Not canonical package entry,ignored
node_modules/arraybuffer.prototype.slice/README 2.md,B — GENERATED / REBUILDABLE,Removed by npm ci,Dependency directory rebuilt from unchanged lockfile; numbered vendor copies absent afterward,Not project source; lockfile authoritative,Not canonical package entry,ignored
node_modules/arraybuffer.prototype.slice/auto 2.js,B — GENERATED / REBUILDABLE,Removed by npm ci,Dependency directory rebuilt from unchanged lockfile; numbered vendor copies absent afterward,Not project source; lockfile authoritative,Not canonical package entry,ignored
node_modules/arraybuffer.prototype.slice/implementation 2.js,B — GENERATED / REBUILDABLE,Removed by npm ci,Dependency directory rebuilt from unchanged lockfile; numbered vendor copies absent afterward,Not project source; lockfile authoritative,Not canonical package entry,ignored
node_modules/arraybuffer.prototype.slice/index 2.js,B — GENERATED / REBUILDABLE,Removed by npm ci,Dependency directory rebuilt from unchanged lockfile; numbered vendor copies absent afterward,Not project source; lockfile authoritative,Not canonical package entry,ignored
node_modules/arraybuffer.prototype.slice/package 2.json,B — GENERATED / REBUILDABLE,Removed by npm ci,Dependency directory rebuilt from unchanged lockfile; numbered vendor copies absent afterward,Not project source; lockfile authoritative,Not canonical package entry,ignored
node_modules/arraybuffer.prototype.slice/polyfill 2.js,B — GENERATED / REBUILDABLE,Removed by npm ci,Dependency directory rebuilt from unchanged lockfile; numbered vendor copies absent afterward,Not project source; lockfile authoritative,Not canonical package entry,ignored
node_modules/arraybuffer.prototype.slice/shim 2.js,B — GENERATED / REBUILDABLE,Removed by npm ci,Dependency directory rebuilt from unchanged lockfile; numbered vendor copies absent afterward,Not project source; lockfile authoritative,Not canonical package entry,ignored
node_modules/assertion-error/LICENSE 2,B — GENERATED / REBUILDABLE,Removed by npm ci,Dependency directory rebuilt from unchanged lockfile; numbered vendor copies absent afterward,Not project source; lockfile authoritative,Not canonical package entry,ignored
node_modules/assertion-error/README 2.md,B — GENERATED / REBUILDABLE,Removed by npm ci,Dependency directory rebuilt from unchanged lockfile; numbered vendor copies absent afterward,Not project source; lockfile authoritative,Not canonical package entry,ignored
node_modules/assertion-error/index 2.js,B — GENERATED / REBUILDABLE,Removed by npm ci,Dependency directory rebuilt from unchanged lockfile; numbered vendor copies absent afterward,Not project source; lockfile authoritative,Not canonical package entry,ignored
node_modules/assertion-error/index.d 2.ts,B — GENERATED / REBUILDABLE,Removed by npm ci,Dependency directory rebuilt from unchanged lockfile; numbered vendor copies absent afterward,Not project source; lockfile authoritative,Not canonical package entry,ignored
node_modules/assertion-error/package 2.json,B — GENERATED / REBUILDABLE,Removed by npm ci,Dependency directory rebuilt from unchanged lockfile; numbered vendor copies absent afterward,Not project source; lockfile authoritative,Not canonical package entry,ignored
node_modules/ast-types-flow/LICENSE 2,B — GENERATED / REBUILDABLE,Removed by npm ci,Dependency directory rebuilt from unchanged lockfile; numbered vendor copies absent afterward,Not project source; lockfile authoritative,Not canonical package entry,ignored
node_modules/ast-types-flow/README 2.md,B — GENERATED / REBUILDABLE,Removed by npm ci,Dependency directory rebuilt from unchanged lockfile; numbered vendor copies absent afterward,Not project source; lockfile authoritative,Not canonical package entry,ignored
node_modules/ast-types-flow/package 2.json,B — GENERATED / REBUILDABLE,Removed by npm ci,Dependency directory rebuilt from unchanged lockfile; numbered vendor copies absent afterward,Not project source; lockfile authoritative,Not canonical package entry,ignored
node_modules/async-function/.eslintrc 2,B — GENERATED / REBUILDABLE,Removed by npm ci,Dependency directory rebuilt from unchanged lockfile; numbered vendor copies absent afterward,Not project source; lockfile authoritative,Not canonical package entry,ignored
node_modules/async-function/.nycrc 2,B — GENERATED / REBUILDABLE,Removed by npm ci,Dependency directory rebuilt from unchanged lockfile; numbered vendor copies absent afterward,Not project source; lockfile authoritative,Not canonical package entry,ignored
node_modules/async-function/CHANGELOG 2.md,B — GENERATED / REBUILDABLE,Removed by npm ci,Dependency directory rebuilt from unchanged lockfile; numbered vendor copies absent afterward,Not project source; lockfile authoritative,Not canonical package entry,ignored
node_modules/async-function/LICENSE 2,B — GENERATED / REBUILDABLE,Removed by npm ci,Dependency directory rebuilt from unchanged lockfile; numbered vendor copies absent afterward,Not project source; lockfile authoritative,Not canonical package entry,ignored
node_modules/async-function/README 2.md,B — GENERATED / REBUILDABLE,Removed by npm ci,Dependency directory rebuilt from unchanged lockfile; numbered vendor copies absent afterward,Not project source; lockfile authoritative,Not canonical package entry,ignored
node_modules/async-function/index 2.js,B — GENERATED / REBUILDABLE,Removed by npm ci,Dependency directory rebuilt from unchanged lockfile; numbered vendor copies absent afterward,Not project source; lockfile authoritative,Not canonical package entry,ignored
node_modules/async-function/index 2.mjs,B — GENERATED / REBUILDABLE,Removed by npm ci,Dependency directory rebuilt from unchanged lockfile; numbered vendor copies absent afterward,Not project source; lockfile authoritative,Not canonical package entry,ignored
node_modules/async-function/index.d 2.mts,B — GENERATED / REBUILDABLE,Removed by npm ci,Dependency directory rebuilt from unchanged lockfile; numbered vendor copies absent afterward,Not project source; lockfile authoritative,Not canonical package entry,ignored
node_modules/async-function/index.d 2.ts,B — GENERATED / REBUILDABLE,Removed by npm ci,Dependency directory rebuilt from unchanged lockfile; numbered vendor copies absent afterward,Not project source; lockfile authoritative,Not canonical package entry,ignored
node_modules/async-function/legacy 2.js,B — GENERATED / REBUILDABLE,Removed by npm ci,Dependency directory rebuilt from unchanged lockfile; numbered vendor copies absent afterward,Not project source; lockfile authoritative,Not canonical package entry,ignored
node_modules/async-function/package 2.json,B — GENERATED / REBUILDABLE,Removed by npm ci,Dependency directory rebuilt from unchanged lockfile; numbered vendor copies absent afterward,Not project source; lockfile authoritative,Not canonical package entry,ignored
node_modules/async-function/require 2.mjs,B — GENERATED / REBUILDABLE,Removed by npm ci,Dependency directory rebuilt from unchanged lockfile; numbered vendor copies absent afterward,Not project source; lockfile authoritative,Not canonical package entry,ignored
node_modules/async-function/tsconfig 2.json,B — GENERATED / REBUILDABLE,Removed by npm ci,Dependency directory rebuilt from unchanged lockfile; numbered vendor copies absent afterward,Not project source; lockfile authoritative,Not canonical package entry,ignored
node_modules/autoprefixer/LICENSE 2,B — GENERATED / REBUILDABLE,Removed by npm ci,Dependency directory rebuilt from unchanged lockfile; numbered vendor copies absent afterward,Not project source; lockfile authoritative,Not canonical package entry,ignored
node_modules/autoprefixer/README 2.md,B — GENERATED / REBUILDABLE,Removed by npm ci,Dependency directory rebuilt from unchanged lockfile; numbered vendor copies absent afterward,Not project source; lockfile authoritative,Not canonical package entry,ignored
node_modules/autoprefixer/package 2.json,B — GENERATED / REBUILDABLE,Removed by npm ci,Dependency directory rebuilt from unchanged lockfile; numbered vendor copies absent afterward,Not project source; lockfile authoritative,Not canonical package entry,ignored
node_modules/available-typed-arrays/.eslintrc 2,B — GENERATED / REBUILDABLE,Removed by npm ci,Dependency directory rebuilt from unchanged lockfile; numbered vendor copies absent afterward,Not project source; lockfile authoritative,Not canonical package entry,ignored
node_modules/available-typed-arrays/.nycrc 2,B — GENERATED / REBUILDABLE,Removed by npm ci,Dependency directory rebuilt from unchanged lockfile; numbered vendor copies absent afterward,Not project source; lockfile authoritative,Not canonical package entry,ignored
node_modules/available-typed-arrays/CHANGELOG 2.md,B — GENERATED / REBUILDABLE,Removed by npm ci,Dependency directory rebuilt from unchanged lockfile; numbered vendor copies absent afterward,Not project source; lockfile authoritative,Not canonical package entry,ignored
node_modules/available-typed-arrays/LICENSE 2,B — GENERATED / REBUILDABLE,Removed by npm ci,Dependency directory rebuilt from unchanged lockfile; numbered vendor copies absent afterward,Not project source; lockfile authoritative,Not canonical package entry,ignored
node_modules/available-typed-arrays/README 2.md,B — GENERATED / REBUILDABLE,Removed by npm ci,Dependency directory rebuilt from unchanged lockfile; numbered vendor copies absent afterward,Not project source; lockfile authoritative,Not canonical package entry,ignored
node_modules/available-typed-arrays/index 2.js,B — GENERATED / REBUILDABLE,Removed by npm ci,Dependency directory rebuilt from unchanged lockfile; numbered vendor copies absent afterward,Not project source; lockfile authoritative,Not canonical package entry,ignored
node_modules/available-typed-arrays/index.d 2.ts,B — GENERATED / REBUILDABLE,Removed by npm ci,Dependency directory rebuilt from unchanged lockfile; numbered vendor copies absent afterward,Not project source; lockfile authoritative,Not canonical package entry,ignored
node_modules/available-typed-arrays/package 2.json,B — GENERATED / REBUILDABLE,Removed by npm ci,Dependency directory rebuilt from unchanged lockfile; numbered vendor copies absent afterward,Not project source; lockfile authoritative,Not canonical package entry,ignored
node_modules/available-typed-arrays/tsconfig 2.json,B — GENERATED / REBUILDABLE,Removed by npm ci,Dependency directory rebuilt from unchanged lockfile; numbered vendor copies absent afterward,Not project source; lockfile authoritative,Not canonical package entry,ignored
node_modules/axe-core/LICENSE 2,B — GENERATED / REBUILDABLE,Removed by npm ci,Dependency directory rebuilt from unchanged lockfile; numbered vendor copies absent afterward,Not project source; lockfile authoritative,Not canonical package entry,ignored
node_modules/axe-core/LICENSE-3RD-PARTY 2.txt,B — GENERATED / REBUILDABLE,Removed by npm ci,Dependency directory rebuilt from unchanged lockfile; numbered vendor copies absent afterward,Not project source; lockfile authoritative,Not canonical package entry,ignored
node_modules/axe-core/README 2.md,B — GENERATED / REBUILDABLE,Removed by npm ci,Dependency directory rebuilt from unchanged lockfile; numbered vendor copies absent afterward,Not project source; lockfile authoritative,Not canonical package entry,ignored
node_modules/axe-core/axe 2.js,B — GENERATED / REBUILDABLE,Removed by npm ci,Dependency directory rebuilt from unchanged lockfile; numbered vendor copies absent afterward,Not project source; lockfile authoritative,Not canonical package entry,ignored
node_modules/axe-core/axe.d 2.ts,B — GENERATED / REBUILDABLE,Removed by npm ci,Dependency directory rebuilt from unchanged lockfile; numbered vendor copies absent afterward,Not project source; lockfile authoritative,Not canonical package entry,ignored
node_modules/axe-core/axe.min 2.js,B — GENERATED / REBUILDABLE,Removed by npm ci,Dependency directory rebuilt from unchanged lockfile; numbered vendor copies absent afterward,Not project source; lockfile authoritative,Not canonical package entry,ignored
node_modules/axe-core/package 2.json,B — GENERATED / REBUILDABLE,Removed by npm ci,Dependency directory rebuilt from unchanged lockfile; numbered vendor copies absent afterward,Not project source; lockfile authoritative,Not canonical package entry,ignored
node_modules/axe-core/sri-history 2.json,B — GENERATED / REBUILDABLE,Removed by npm ci,Dependency directory rebuilt from unchanged lockfile; numbered vendor copies absent afterward,Not project source; lockfile authoritative,Not canonical package entry,ignored
node_modules/axobject-query/LICENSE 2,B — GENERATED / REBUILDABLE,Removed by npm ci,Dependency directory rebuilt from unchanged lockfile; numbered vendor copies absent afterward,Not project source; lockfile authoritative,Not canonical package entry,ignored
node_modules/axobject-query/README 2.md,B — GENERATED / REBUILDABLE,Removed by npm ci,Dependency directory rebuilt from unchanged lockfile; numbered vendor copies absent afterward,Not project source; lockfile authoritative,Not canonical package entry,ignored
node_modules/axobject-query/package 2.json,B — GENERATED / REBUILDABLE,Removed by npm ci,Dependency directory rebuilt from unchanged lockfile; numbered vendor copies absent afterward,Not project source; lockfile authoritative,Not canonical package entry,ignored
node_modules/balanced-match/LICENSE 2.md,B — GENERATED / REBUILDABLE,Removed by npm ci,Dependency directory rebuilt from unchanged lockfile; numbered vendor copies absent afterward,Not project source; lockfile authoritative,Not canonical package entry,ignored
node_modules/balanced-match/README 2.md,B — GENERATED / REBUILDABLE,Removed by npm ci,Dependency directory rebuilt from unchanged lockfile; numbered vendor copies absent afterward,Not project source; lockfile authoritative,Not canonical package entry,ignored
node_modules/balanced-match/index 2.js,B — GENERATED / REBUILDABLE,Removed by npm ci,Dependency directory rebuilt from unchanged lockfile; numbered vendor copies absent afterward,Not project source; lockfile authoritative,Not canonical package entry,ignored
node_modules/balanced-match/package 2.json,B — GENERATED / REBUILDABLE,Removed by npm ci,Dependency directory rebuilt from unchanged lockfile; numbered vendor copies absent afterward,Not project source; lockfile authoritative,Not canonical package entry,ignored
node_modules/binary-extensions/binary-extensions 2.json,B — GENERATED / REBUILDABLE,Removed by npm ci,Dependency directory rebuilt from unchanged lockfile; numbered vendor copies absent afterward,Not project source; lockfile authoritative,Not canonical package entry,ignored
node_modules/binary-extensions/binary-extensions.json.d 2.ts,B — GENERATED / REBUILDABLE,Removed by npm ci,Dependency directory rebuilt from unchanged lockfile; numbered vendor copies absent afterward,Not project source; lockfile authoritative,Not canonical package entry,ignored
node_modules/binary-extensions/index 2.js,B — GENERATED / REBUILDABLE,Removed by npm ci,Dependency directory rebuilt from unchanged lockfile; numbered vendor copies absent afterward,Not project source; lockfile authoritative,Not canonical package entry,ignored
node_modules/binary-extensions/index.d 2.ts,B — GENERATED / REBUILDABLE,Removed by npm ci,Dependency directory rebuilt from unchanged lockfile; numbered vendor copies absent afterward,Not project source; lockfile authoritative,Not canonical package entry,ignored
node_modules/binary-extensions/license 2,B — GENERATED / REBUILDABLE,Removed by npm ci,Dependency directory rebuilt from unchanged lockfile; numbered vendor copies absent afterward,Not project source; lockfile authoritative,Not canonical package entry,ignored
node_modules/binary-extensions/package 2.json,B — GENERATED / REBUILDABLE,Removed by npm ci,Dependency directory rebuilt from unchanged lockfile; numbered vendor copies absent afterward,Not project source; lockfile authoritative,Not canonical package entry,ignored
node_modules/binary-extensions/readme 2.md,B — GENERATED / REBUILDABLE,Removed by npm ci,Dependency directory rebuilt from unchanged lockfile; numbered vendor copies absent afterward,Not project source; lockfile authoritative,Not canonical package entry,ignored
node_modules/braces/LICENSE 2,B — GENERATED / REBUILDABLE,Removed by npm ci,Dependency directory rebuilt from unchanged lockfile; numbered vendor copies absent afterward,Not project source; lockfile authoritative,Not canonical package entry,ignored
node_modules/braces/README 2.md,B — GENERATED / REBUILDABLE,Removed by npm ci,Dependency directory rebuilt from unchanged lockfile; numbered vendor copies absent afterward,Not project source; lockfile authoritative,Not canonical package entry,ignored
node_modules/braces/index 2.js,B — GENERATED / REBUILDABLE,Removed by npm ci,Dependency directory rebuilt from unchanged lockfile; numbered vendor copies absent afterward,Not project source; lockfile authoritative,Not canonical package entry,ignored
node_modules/braces/package 2.json,B — GENERATED / REBUILDABLE,Removed by npm ci,Dependency directory rebuilt from unchanged lockfile; numbered vendor copies absent afterward,Not project source; lockfile authoritative,Not canonical package entry,ignored
node_modules/cac/LICENSE 2,B — GENERATED / REBUILDABLE,Removed by npm ci,Dependency directory rebuilt from unchanged lockfile; numbered vendor copies absent afterward,Not project source; lockfile authoritative,Not canonical package entry,ignored
node_modules/cac/README 2.md,B — GENERATED / REBUILDABLE,Removed by npm ci,Dependency directory rebuilt from unchanged lockfile; numbered vendor copies absent afterward,Not project source; lockfile authoritative,Not canonical package entry,ignored
node_modules/cac/index-compat 2.js,B — GENERATED / REBUILDABLE,Removed by npm ci,Dependency directory rebuilt from unchanged lockfile; numbered vendor copies absent afterward,Not project source; lockfile authoritative,Not canonical package entry,ignored
node_modules/cac/mod 2.js,B — GENERATED / REBUILDABLE,Removed by npm ci,Dependency directory rebuilt from unchanged lockfile; numbered vendor copies absent afterward,Not project source; lockfile authoritative,Not canonical package entry,ignored
node_modules/cac/mod 2.ts,B — GENERATED / REBUILDABLE,Removed by npm ci,Dependency directory rebuilt from unchanged lockfile; numbered vendor copies absent afterward,Not project source; lockfile authoritative,Not canonical package entry,ignored
node_modules/cac/package 2.json,B — GENERATED / REBUILDABLE,Removed by npm ci,Dependency directory rebuilt from unchanged lockfile; numbered vendor copies absent afterward,Not project source; lockfile authoritative,Not canonical package entry,ignored
node_modules/call-bind-apply-helpers/.eslintrc 2,B — GENERATED / REBUILDABLE,Removed by npm ci,Dependency directory rebuilt from unchanged lockfile; numbered vendor copies absent afterward,Not project source; lockfile authoritative,Not canonical package entry,ignored
node_modules/call-bind-apply-helpers/.nycrc 2,B — GENERATED / REBUILDABLE,Removed by npm ci,Dependency directory rebuilt from unchanged lockfile; numbered vendor copies absent afterward,Not project source; lockfile authoritative,Not canonical package entry,ignored
node_modules/call-bind-apply-helpers/CHANGELOG 2.md,B — GENERATED / REBUILDABLE,Removed by npm ci,Dependency directory rebuilt from unchanged lockfile; numbered vendor copies absent afterward,Not project source; lockfile authoritative,Not canonical package entry,ignored
node_modules/call-bind-apply-helpers/LICENSE 2,B — GENERATED / REBUILDABLE,Removed by npm ci,Dependency directory rebuilt from unchanged lockfile; numbered vendor copies absent afterward,Not project source; lockfile authoritative,Not canonical package entry,ignored
node_modules/call-bind-apply-helpers/README 2.md,B — GENERATED / REBUILDABLE,Removed by npm ci,Dependency directory rebuilt from unchanged lockfile; numbered vendor copies absent afterward,Not project source; lockfile authoritative,Not canonical package entry,ignored
node_modules/call-bind-apply-helpers/actualApply 2.js,B — GENERATED / REBUILDABLE,Removed by npm ci,Dependency directory rebuilt from unchanged lockfile; numbered vendor copies absent afterward,Not project source; lockfile authoritative,Not canonical package entry,ignored
node_modules/call-bind-apply-helpers/actualApply.d 2.ts,B — GENERATED / REBUILDABLE,Removed by npm ci,Dependency directory rebuilt from unchanged lockfile; numbered vendor copies absent afterward,Not project source; lockfile authoritative,Not canonical package entry,ignored
node_modules/call-bind-apply-helpers/applyBind 2.js,B — GENERATED / REBUILDABLE,Removed by npm ci,Dependency directory rebuilt from unchanged lockfile; numbered vendor copies absent afterward,Not project source; lockfile authoritative,Not canonical package entry,ignored
node_modules/call-bind-apply-helpers/applyBind.d 2.ts,B — GENERATED / REBUILDABLE,Removed by npm ci,Dependency directory rebuilt from unchanged lockfile; numbered vendor copies absent afterward,Not project source; lockfile authoritative,Not canonical package entry,ignored
node_modules/call-bind-apply-helpers/functionApply 2.js,B — GENERATED / REBUILDABLE,Removed by npm ci,Dependency directory rebuilt from unchanged lockfile; numbered vendor copies absent afterward,Not project source; lockfile authoritative,Not canonical package entry,ignored
node_modules/call-bind-apply-helpers/functionApply.d 2.ts,B — GENERATED / REBUILDABLE,Removed by npm ci,Dependency directory rebuilt from unchanged lockfile; numbered vendor copies absent afterward,Not project source; lockfile authoritative,Not canonical package entry,ignored
node_modules/call-bind-apply-helpers/functionCall 2.js,B — GENERATED / REBUILDABLE,Removed by npm ci,Dependency directory rebuilt from unchanged lockfile; numbered vendor copies absent afterward,Not project source; lockfile authoritative,Not canonical package entry,ignored
node_modules/call-bind-apply-helpers/functionCall.d 2.ts,B — GENERATED / REBUILDABLE,Removed by npm ci,Dependency directory rebuilt from unchanged lockfile; numbered vendor copies absent afterward,Not project source; lockfile authoritative,Not canonical package entry,ignored
node_modules/call-bind-apply-helpers/index 2.js,B — GENERATED / REBUILDABLE,Removed by npm ci,Dependency directory rebuilt from unchanged lockfile; numbered vendor copies absent afterward,Not project source; lockfile authoritative,Not canonical package entry,ignored
node_modules/call-bind-apply-helpers/index.d 2.ts,B — GENERATED / REBUILDABLE,Removed by npm ci,Dependency directory rebuilt from unchanged lockfile; numbered vendor copies absent afterward,Not project source; lockfile authoritative,Not canonical package entry,ignored
node_modules/call-bind-apply-helpers/package 2.json,B — GENERATED / REBUILDABLE,Removed by npm ci,Dependency directory rebuilt from unchanged lockfile; numbered vendor copies absent afterward,Not project source; lockfile authoritative,Not canonical package entry,ignored
node_modules/call-bind-apply-helpers/reflectApply 2.js,B — GENERATED / REBUILDABLE,Removed by npm ci,Dependency directory rebuilt from unchanged lockfile; numbered vendor copies absent afterward,Not project source; lockfile authoritative,Not canonical package entry,ignored
node_modules/call-bind-apply-helpers/reflectApply.d 2.ts,B — GENERATED / REBUILDABLE,Removed by npm ci,Dependency directory rebuilt from unchanged lockfile; numbered vendor copies absent afterward,Not project source; lockfile authoritative,Not canonical package entry,ignored
node_modules/call-bind-apply-helpers/tsconfig 2.json,B — GENERATED / REBUILDABLE,Removed by npm ci,Dependency directory rebuilt from unchanged lockfile; numbered vendor copies absent afterward,Not project source; lockfile authoritative,Not canonical package entry,ignored
node_modules/call-bind/.eslintignore 2,B — GENERATED / REBUILDABLE,Removed by npm ci,Dependency directory rebuilt from unchanged lockfile; numbered vendor copies absent afterward,Not project source; lockfile authoritative,Not canonical package entry,ignored
node_modules/call-bind/.eslintrc 2,B — GENERATED / REBUILDABLE,Removed by npm ci,Dependency directory rebuilt from unchanged lockfile; numbered vendor copies absent afterward,Not project source; lockfile authoritative,Not canonical package entry,ignored
node_modules/call-bind/.nycrc 2,B — GENERATED / REBUILDABLE,Removed by npm ci,Dependency directory rebuilt from unchanged lockfile; numbered vendor copies absent afterward,Not project source; lockfile authoritative,Not canonical package entry,ignored
node_modules/call-bind/CHANGELOG 2.md,B — GENERATED / REBUILDABLE,Removed by npm ci,Dependency directory rebuilt from unchanged lockfile; numbered vendor copies absent afterward,Not project source; lockfile authoritative,Not canonical package entry,ignored
node_modules/call-bind/LICENSE 2,B — GENERATED / REBUILDABLE,Removed by npm ci,Dependency directory rebuilt from unchanged lockfile; numbered vendor copies absent afterward,Not project source; lockfile authoritative,Not canonical package entry,ignored
node_modules/call-bind/README 2.md,B — GENERATED / REBUILDABLE,Removed by npm ci,Dependency directory rebuilt from unchanged lockfile; numbered vendor copies absent afterward,Not project source; lockfile authoritative,Not canonical package entry,ignored
node_modules/call-bind/callBound 2.js,B — GENERATED / REBUILDABLE,Removed by npm ci,Dependency directory rebuilt from unchanged lockfile; numbered vendor copies absent afterward,Not project source; lockfile authoritative,Not canonical package entry,ignored
node_modules/call-bind/index 2.js,B — GENERATED / REBUILDABLE,Removed by npm ci,Dependency directory rebuilt from unchanged lockfile; numbered vendor copies absent afterward,Not project source; lockfile authoritative,Not canonical package entry,ignored
node_modules/call-bind/package 2.json,B — GENERATED / REBUILDABLE,Removed by npm ci,Dependency directory rebuilt from unchanged lockfile; numbered vendor copies absent afterward,Not project source; lockfile authoritative,Not canonical package entry,ignored
node_modules/call-bound/.eslintrc 2,B — GENERATED / REBUILDABLE,Removed by npm ci,Dependency directory rebuilt from unchanged lockfile; numbered vendor copies absent afterward,Not project source; lockfile authoritative,Not canonical package entry,ignored
node_modules/call-bound/.nycrc 2,B — GENERATED / REBUILDABLE,Removed by npm ci,Dependency directory rebuilt from unchanged lockfile; numbered vendor copies absent afterward,Not project source; lockfile authoritative,Not canonical package entry,ignored
node_modules/call-bound/CHANGELOG 2.md,B — GENERATED / REBUILDABLE,Removed by npm ci,Dependency directory rebuilt from unchanged lockfile; numbered vendor copies absent afterward,Not project source; lockfile authoritative,Not canonical package entry,ignored
node_modules/call-bound/LICENSE 2,B — GENERATED / REBUILDABLE,Removed by npm ci,Dependency directory rebuilt from unchanged lockfile; numbered vendor copies absent afterward,Not project source; lockfile authoritative,Not canonical package entry,ignored
node_modules/call-bound/README 2.md,B — GENERATED / REBUILDABLE,Removed by npm ci,Dependency directory rebuilt from unchanged lockfile; numbered vendor copies absent afterward,Not project source; lockfile authoritative,Not canonical package entry,ignored
node_modules/call-bound/index 2.js,B — GENERATED / REBUILDABLE,Removed by npm ci,Dependency directory rebuilt from unchanged lockfile; numbered vendor copies absent afterward,Not project source; lockfile authoritative,Not canonical package entry,ignored
node_modules/call-bound/index.d 2.ts,B — GENERATED / REBUILDABLE,Removed by npm ci,Dependency directory rebuilt from unchanged lockfile; numbered vendor copies absent afterward,Not project source; lockfile authoritative,Not canonical package entry,ignored
node_modules/call-bound/package 2.json,B — GENERATED / REBUILDABLE,Removed by npm ci,Dependency directory rebuilt from unchanged lockfile; numbered vendor copies absent afterward,Not project source; lockfile authoritative,Not canonical package entry,ignored
node_modules/call-bound/tsconfig 2.json,B — GENERATED / REBUILDABLE,Removed by npm ci,Dependency directory rebuilt from unchanged lockfile; numbered vendor copies absent afterward,Not project source; lockfile authoritative,Not canonical package entry,ignored
node_modules/callsites/index 2.js,B — GENERATED / REBUILDABLE,Removed by npm ci,Dependency directory rebuilt from unchanged lockfile; numbered vendor copies absent afterward,Not project source; lockfile authoritative,Not canonical package entry,ignored
node_modules/callsites/index.d 2.ts,B — GENERATED / REBUILDABLE,Removed by npm ci,Dependency directory rebuilt from unchanged lockfile; numbered vendor copies absent afterward,Not project source; lockfile authoritative,Not canonical package entry,ignored
node_modules/callsites/license 2,B — GENERATED / REBUILDABLE,Removed by npm ci,Dependency directory rebuilt from unchanged lockfile; numbered vendor copies absent afterward,Not project source; lockfile authoritative,Not canonical package entry,ignored
node_modules/callsites/package 2.json,B — GENERATED / REBUILDABLE,Removed by npm ci,Dependency directory rebuilt from unchanged lockfile; numbered vendor copies absent afterward,Not project source; lockfile authoritative,Not canonical package entry,ignored
node_modules/callsites/readme 2.md,B — GENERATED / REBUILDABLE,Removed by npm ci,Dependency directory rebuilt from unchanged lockfile; numbered vendor copies absent afterward,Not project source; lockfile authoritative,Not canonical package entry,ignored
node_modules/camelcase-css/README 2.md,B — GENERATED / REBUILDABLE,Removed by npm ci,Dependency directory rebuilt from unchanged lockfile; numbered vendor copies absent afterward,Not project source; lockfile authoritative,Not canonical package entry,ignored
node_modules/camelcase-css/index 2.js,B — GENERATED / REBUILDABLE,Removed by npm ci,Dependency directory rebuilt from unchanged lockfile; numbered vendor copies absent afterward,Not project source; lockfile authoritative,Not canonical package entry,ignored
node_modules/camelcase-css/index-es5 2.js,B — GENERATED / REBUILDABLE,Removed by npm ci,Dependency directory rebuilt from unchanged lockfile; numbered vendor copies absent afterward,Not project source; lockfile authoritative,Not canonical package entry,ignored
node_modules/camelcase-css/license 2,B — GENERATED / REBUILDABLE,Removed by npm ci,Dependency directory rebuilt from unchanged lockfile; numbered vendor copies absent afterward,Not project source; lockfile authoritative,Not canonical package entry,ignored
node_modules/camelcase-css/package 2.json,B — GENERATED / REBUILDABLE,Removed by npm ci,Dependency directory rebuilt from unchanged lockfile; numbered vendor copies absent afterward,Not project source; lockfile authoritative,Not canonical package entry,ignored
node_modules/chai/LICENSE 2,B — GENERATED / REBUILDABLE,Removed by npm ci,Dependency directory rebuilt from unchanged lockfile; numbered vendor copies absent afterward,Not project source; lockfile authoritative,Not canonical package entry,ignored
node_modules/chai/README 2.md,B — GENERATED / REBUILDABLE,Removed by npm ci,Dependency directory rebuilt from unchanged lockfile; numbered vendor copies absent afterward,Not project source; lockfile authoritative,Not canonical package entry,ignored
node_modules/chai/chai 2.js,B — GENERATED / REBUILDABLE,Removed by npm ci,Dependency directory rebuilt from unchanged lockfile; numbered vendor copies absent afterward,Not project source; lockfile authoritative,Not canonical package entry,ignored
node_modules/chai/index 2.js,B — GENERATED / REBUILDABLE,Removed by npm ci,Dependency directory rebuilt from unchanged lockfile; numbered vendor copies absent afterward,Not project source; lockfile authoritative,Not canonical package entry,ignored
node_modules/chai/package 2.json,B — GENERATED / REBUILDABLE,Removed by npm ci,Dependency directory rebuilt from unchanged lockfile; numbered vendor copies absent afterward,Not project source; lockfile authoritative,Not canonical package entry,ignored
node_modules/chai/register-assert 2.js,B — GENERATED / REBUILDABLE,Removed by npm ci,Dependency directory rebuilt from unchanged lockfile; numbered vendor copies absent afterward,Not project source; lockfile authoritative,Not canonical package entry,ignored
node_modules/chai/register-expect 2.js,B — GENERATED / REBUILDABLE,Removed by npm ci,Dependency directory rebuilt from unchanged lockfile; numbered vendor copies absent afterward,Not project source; lockfile authoritative,Not canonical package entry,ignored
node_modules/chai/register-should 2.js,B — GENERATED / REBUILDABLE,Removed by npm ci,Dependency directory rebuilt from unchanged lockfile; numbered vendor copies absent afterward,Not project source; lockfile authoritative,Not canonical package entry,ignored
node_modules/chalk/index.d 2.ts,B — GENERATED / REBUILDABLE,Removed by npm ci,Dependency directory rebuilt from unchanged lockfile; numbered vendor copies absent afterward,Not project source; lockfile authoritative,Not canonical package entry,ignored
node_modules/chalk/license 2,B — GENERATED / REBUILDABLE,Removed by npm ci,Dependency directory rebuilt from unchanged lockfile; numbered vendor copies absent afterward,Not project source; lockfile authoritative,Not canonical package entry,ignored
node_modules/chalk/package 2.json,B — GENERATED / REBUILDABLE,Removed by npm ci,Dependency directory rebuilt from unchanged lockfile; numbered vendor copies absent afterward,Not project source; lockfile authoritative,Not canonical package entry,ignored
node_modules/chalk/readme 2.md,B — GENERATED / REBUILDABLE,Removed by npm ci,Dependency directory rebuilt from unchanged lockfile; numbered vendor copies absent afterward,Not project source; lockfile authoritative,Not canonical package entry,ignored
node_modules/chokidar/LICENSE 2,B — GENERATED / REBUILDABLE,Removed by npm ci,Dependency directory rebuilt from unchanged lockfile; numbered vendor copies absent afterward,Not project source; lockfile authoritative,Not canonical package entry,ignored
node_modules/chokidar/README 2.md,B — GENERATED / REBUILDABLE,Removed by npm ci,Dependency directory rebuilt from unchanged lockfile; numbered vendor copies absent afterward,Not project source; lockfile authoritative,Not canonical package entry,ignored
node_modules/chokidar/index 2.js,B — GENERATED / REBUILDABLE,Removed by npm ci,Dependency directory rebuilt from unchanged lockfile; numbered vendor copies absent afterward,Not project source; lockfile authoritative,Not canonical package entry,ignored
node_modules/chokidar/package 2.json,B — GENERATED / REBUILDABLE,Removed by npm ci,Dependency directory rebuilt from unchanged lockfile; numbered vendor copies absent afterward,Not project source; lockfile authoritative,Not canonical package entry,ignored
node_modules/client-only/error 2.js,B — GENERATED / REBUILDABLE,Removed by npm ci,Dependency directory rebuilt from unchanged lockfile; numbered vendor copies absent afterward,Not project source; lockfile authoritative,Not canonical package entry,ignored
node_modules/client-only/index 2.js,B — GENERATED / REBUILDABLE,Removed by npm ci,Dependency directory rebuilt from unchanged lockfile; numbered vendor copies absent afterward,Not project source; lockfile authoritative,Not canonical package entry,ignored
node_modules/client-only/package 2.json,B — GENERATED / REBUILDABLE,Removed by npm ci,Dependency directory rebuilt from unchanged lockfile; numbered vendor copies absent afterward,Not project source; lockfile authoritative,Not canonical package entry,ignored
node_modules/clsx/clsx.d 2.mts,B — GENERATED / REBUILDABLE,Removed by npm ci,Dependency directory rebuilt from unchanged lockfile; numbered vendor copies absent afterward,Not project source; lockfile authoritative,Not canonical package entry,ignored
node_modules/clsx/clsx.d 2.ts,B — GENERATED / REBUILDABLE,Removed by npm ci,Dependency directory rebuilt from unchanged lockfile; numbered vendor copies absent afterward,Not project source; lockfile authoritative,Not canonical package entry,ignored
node_modules/clsx/license 2,B — GENERATED / REBUILDABLE,Removed by npm ci,Dependency directory rebuilt from unchanged lockfile; numbered vendor copies absent afterward,Not project source; lockfile authoritative,Not canonical package entry,ignored
node_modules/clsx/package 2.json,B — GENERATED / REBUILDABLE,Removed by npm ci,Dependency directory rebuilt from unchanged lockfile; numbered vendor copies absent afterward,Not project source; lockfile authoritative,Not canonical package entry,ignored
node_modules/clsx/readme 2.md,B — GENERATED / REBUILDABLE,Removed by npm ci,Dependency directory rebuilt from unchanged lockfile; numbered vendor copies absent afterward,Not project source; lockfile authoritative,Not canonical package entry,ignored
node_modules/color-convert/CHANGELOG 2.md,B — GENERATED / REBUILDABLE,Removed by npm ci,Dependency directory rebuilt from unchanged lockfile; numbered vendor copies absent afterward,Not project source; lockfile authoritative,Not canonical package entry,ignored
node_modules/color-convert/LICENSE 2,B — GENERATED / REBUILDABLE,Removed by npm ci,Dependency directory rebuilt from unchanged lockfile; numbered vendor copies absent afterward,Not project source; lockfile authoritative,Not canonical package entry,ignored
node_modules/color-convert/README 2.md,B — GENERATED / REBUILDABLE,Removed by npm ci,Dependency directory rebuilt from unchanged lockfile; numbered vendor copies absent afterward,Not project source; lockfile authoritative,Not canonical package entry,ignored
node_modules/color-convert/conversions 2.js,B — GENERATED / REBUILDABLE,Removed by npm ci,Dependency directory rebuilt from unchanged lockfile; numbered vendor copies absent afterward,Not project source; lockfile authoritative,Not canonical package entry,ignored
node_modules/color-convert/index 2.js,B — GENERATED / REBUILDABLE,Removed by npm ci,Dependency directory rebuilt from unchanged lockfile; numbered vendor copies absent afterward,Not project source; lockfile authoritative,Not canonical package entry,ignored
node_modules/color-convert/package 2.json,B — GENERATED / REBUILDABLE,Removed by npm ci,Dependency directory rebuilt from unchanged lockfile; numbered vendor copies absent afterward,Not project source; lockfile authoritative,Not canonical package entry,ignored
node_modules/color-convert/route 2.js,B — GENERATED / REBUILDABLE,Removed by npm ci,Dependency directory rebuilt from unchanged lockfile; numbered vendor copies absent afterward,Not project source; lockfile authoritative,Not canonical package entry,ignored
node_modules/color-name/LICENSE 2,B — GENERATED / REBUILDABLE,Removed by npm ci,Dependency directory rebuilt from unchanged lockfile; numbered vendor copies absent afterward,Not project source; lockfile authoritative,Not canonical package entry,ignored
node_modules/color-name/README 2.md,B — GENERATED / REBUILDABLE,Removed by npm ci,Dependency directory rebuilt from unchanged lockfile; numbered vendor copies absent afterward,Not project source; lockfile authoritative,Not canonical package entry,ignored
node_modules/color-name/index 2.js,B — GENERATED / REBUILDABLE,Removed by npm ci,Dependency directory rebuilt from unchanged lockfile; numbered vendor copies absent afterward,Not project source; lockfile authoritative,Not canonical package entry,ignored
node_modules/color-name/package 2.json,B — GENERATED / REBUILDABLE,Removed by npm ci,Dependency directory rebuilt from unchanged lockfile; numbered vendor copies absent afterward,Not project source; lockfile authoritative,Not canonical package entry,ignored
node_modules/commander/CHANGELOG 2.md,B — GENERATED / REBUILDABLE,Removed by npm ci,Dependency directory rebuilt from unchanged lockfile; numbered vendor copies absent afterward,Not project source; lockfile authoritative,Not canonical package entry,ignored
node_modules/commander/LICENSE 2,B — GENERATED / REBUILDABLE,Removed by npm ci,Dependency directory rebuilt from unchanged lockfile; numbered vendor copies absent afterward,Not project source; lockfile authoritative,Not canonical package entry,ignored
node_modules/commander/Readme 2.md,B — GENERATED / REBUILDABLE,Removed by npm ci,Dependency directory rebuilt from unchanged lockfile; numbered vendor copies absent afterward,Not project source; lockfile authoritative,Not canonical package entry,ignored
node_modules/commander/index 2.js,B — GENERATED / REBUILDABLE,Removed by npm ci,Dependency directory rebuilt from unchanged lockfile; numbered vendor copies absent afterward,Not project source; lockfile authoritative,Not canonical package entry,ignored
node_modules/commander/package 2.json,B — GENERATED / REBUILDABLE,Removed by npm ci,Dependency directory rebuilt from unchanged lockfile; numbered vendor copies absent afterward,Not project source; lockfile authoritative,Not canonical package entry,ignored
node_modules/concat-map/.travis 2.yml,B — GENERATED / REBUILDABLE,Removed by npm ci,Dependency directory rebuilt from unchanged lockfile; numbered vendor copies absent afterward,Not project source; lockfile authoritative,Not canonical package entry,ignored
node_modules/concat-map/LICENSE 2,B — GENERATED / REBUILDABLE,Removed by npm ci,Dependency directory rebuilt from unchanged lockfile; numbered vendor copies absent afterward,Not project source; lockfile authoritative,Not canonical package entry,ignored
node_modules/concat-map/README 2.markdown,B — GENERATED / REBUILDABLE,Removed by npm ci,Dependency directory rebuilt from unchanged lockfile; numbered vendor copies absent afterward,Not project source; lockfile authoritative,Not canonical package entry,ignored
node_modules/concat-map/index 2.js,B — GENERATED / REBUILDABLE,Removed by npm ci,Dependency directory rebuilt from unchanged lockfile; numbered vendor copies absent afterward,Not project source; lockfile authoritative,Not canonical package entry,ignored
node_modules/concat-map/package 2.json,B — GENERATED / REBUILDABLE,Removed by npm ci,Dependency directory rebuilt from unchanged lockfile; numbered vendor copies absent afterward,Not project source; lockfile authoritative,Not canonical package entry,ignored
node_modules/cookie/LICENSE 2,B — GENERATED / REBUILDABLE,Removed by npm ci,Dependency directory rebuilt from unchanged lockfile; numbered vendor copies absent afterward,Not project source; lockfile authoritative,Not canonical package entry,ignored
node_modules/cookie/README 2.md,B — GENERATED / REBUILDABLE,Removed by npm ci,Dependency directory rebuilt from unchanged lockfile; numbered vendor copies absent afterward,Not project source; lockfile authoritative,Not canonical package entry,ignored
node_modules/cookie/package 2.json,B — GENERATED / REBUILDABLE,Removed by npm ci,Dependency directory rebuilt from unchanged lockfile; numbered vendor copies absent afterward,Not project source; lockfile authoritative,Not canonical package entry,ignored
node_modules/cross-spawn/LICENSE 2,B — GENERATED / REBUILDABLE,Removed by npm ci,Dependency directory rebuilt from unchanged lockfile; numbered vendor copies absent afterward,Not project source; lockfile authoritative,Not canonical package entry,ignored
node_modules/cross-spawn/README 2.md,B — GENERATED / REBUILDABLE,Removed by npm ci,Dependency directory rebuilt from unchanged lockfile; numbered vendor copies absent afterward,Not project source; lockfile authoritative,Not canonical package entry,ignored
node_modules/cross-spawn/index 2.js,B — GENERATED / REBUILDABLE,Removed by npm ci,Dependency directory rebuilt from unchanged lockfile; numbered vendor copies absent afterward,Not project source; lockfile authoritative,Not canonical package entry,ignored
node_modules/cross-spawn/package 2.json,B — GENERATED / REBUILDABLE,Removed by npm ci,Dependency directory rebuilt from unchanged lockfile; numbered vendor copies absent afterward,Not project source; lockfile authoritative,Not canonical package entry,ignored
node_modules/cssesc/LICENSE-MIT 2.txt,B — GENERATED / REBUILDABLE,Removed by npm ci,Dependency directory rebuilt from unchanged lockfile; numbered vendor copies absent afterward,Not project source; lockfile authoritative,Not canonical package entry,ignored
node_modules/cssesc/README 2.md,B — GENERATED / REBUILDABLE,Removed by npm ci,Dependency directory rebuilt from unchanged lockfile; numbered vendor copies absent afterward,Not project source; lockfile authoritative,Not canonical package entry,ignored
node_modules/cssesc/cssesc 2.js,B — GENERATED / REBUILDABLE,Removed by npm ci,Dependency directory rebuilt from unchanged lockfile; numbered vendor copies absent afterward,Not project source; lockfile authoritative,Not canonical package entry,ignored
node_modules/cssesc/package 2.json,B — GENERATED / REBUILDABLE,Removed by npm ci,Dependency directory rebuilt from unchanged lockfile; numbered vendor copies absent afterward,Not project source; lockfile authoritative,Not canonical package entry,ignored
node_modules/damerau-levenshtein/CHANGELOG 2.md,B — GENERATED / REBUILDABLE,Removed by npm ci,Dependency directory rebuilt from unchanged lockfile; numbered vendor copies absent afterward,Not project source; lockfile authoritative,Not canonical package entry,ignored
node_modules/damerau-levenshtein/LICENSE 2,B — GENERATED / REBUILDABLE,Removed by npm ci,Dependency directory rebuilt from unchanged lockfile; numbered vendor copies absent afterward,Not project source; lockfile authoritative,Not canonical package entry,ignored
node_modules/damerau-levenshtein/README 2.md,B — GENERATED / REBUILDABLE,Removed by npm ci,Dependency directory rebuilt from unchanged lockfile; numbered vendor copies absent afterward,Not project source; lockfile authoritative,Not canonical package entry,ignored
node_modules/damerau-levenshtein/index 2.js,B — GENERATED / REBUILDABLE,Removed by npm ci,Dependency directory rebuilt from unchanged lockfile; numbered vendor copies absent afterward,Not project source; lockfile authoritative,Not canonical package entry,ignored
node_modules/damerau-levenshtein/package 2.json,B — GENERATED / REBUILDABLE,Removed by npm ci,Dependency directory rebuilt from unchanged lockfile; numbered vendor copies absent afterward,Not project source; lockfile authoritative,Not canonical package entry,ignored
node_modules/data-view-buffer/.eslintrc 2,B — GENERATED / REBUILDABLE,Removed by npm ci,Dependency directory rebuilt from unchanged lockfile; numbered vendor copies absent afterward,Not project source; lockfile authoritative,Not canonical package entry,ignored
node_modules/data-view-buffer/.nycrc 2,B — GENERATED / REBUILDABLE,Removed by npm ci,Dependency directory rebuilt from unchanged lockfile; numbered vendor copies absent afterward,Not project source; lockfile authoritative,Not canonical package entry,ignored
node_modules/data-view-buffer/CHANGELOG 2.md,B — GENERATED / REBUILDABLE,Removed by npm ci,Dependency directory rebuilt from unchanged lockfile; numbered vendor copies absent afterward,Not project source; lockfile authoritative,Not canonical package entry,ignored
node_modules/data-view-buffer/LICENSE 2,B — GENERATED / REBUILDABLE,Removed by npm ci,Dependency directory rebuilt from unchanged lockfile; numbered vendor copies absent afterward,Not project source; lockfile authoritative,Not canonical package entry,ignored
node_modules/data-view-buffer/README 2.md,B — GENERATED / REBUILDABLE,Removed by npm ci,Dependency directory rebuilt from unchanged lockfile; numbered vendor copies absent afterward,Not project source; lockfile authoritative,Not canonical package entry,ignored
node_modules/data-view-buffer/index 2.js,B — GENERATED / REBUILDABLE,Removed by npm ci,Dependency directory rebuilt from unchanged lockfile; numbered vendor copies absent afterward,Not project source; lockfile authoritative,Not canonical package entry,ignored
node_modules/data-view-buffer/index.d 2.ts,B — GENERATED / REBUILDABLE,Removed by npm ci,Dependency directory rebuilt from unchanged lockfile; numbered vendor copies absent afterward,Not project source; lockfile authoritative,Not canonical package entry,ignored
node_modules/data-view-buffer/package 2.json,B — GENERATED / REBUILDABLE,Removed by npm ci,Dependency directory rebuilt from unchanged lockfile; numbered vendor copies absent afterward,Not project source; lockfile authoritative,Not canonical package entry,ignored
node_modules/data-view-buffer/tsconfig 2.json,B — GENERATED / REBUILDABLE,Removed by npm ci,Dependency directory rebuilt from unchanged lockfile; numbered vendor copies absent afterward,Not project source; lockfile authoritative,Not canonical package entry,ignored
node_modules/data-view-byte-length/.eslintrc 2,B — GENERATED / REBUILDABLE,Removed by npm ci,Dependency directory rebuilt from unchanged lockfile; numbered vendor copies absent afterward,Not project source; lockfile authoritative,Not canonical package entry,ignored
node_modules/data-view-byte-length/.nycrc 2,B — GENERATED / REBUILDABLE,Removed by npm ci,Dependency directory rebuilt from unchanged lockfile; numbered vendor copies absent afterward,Not project source; lockfile authoritative,Not canonical package entry,ignored
node_modules/data-view-byte-length/CHANGELOG 2.md,B — GENERATED / REBUILDABLE,Removed by npm ci,Dependency directory rebuilt from unchanged lockfile; numbered vendor copies absent afterward,Not project source; lockfile authoritative,Not canonical package entry,ignored
node_modules/data-view-byte-length/LICENSE 2,B — GENERATED / REBUILDABLE,Removed by npm ci,Dependency directory rebuilt from unchanged lockfile; numbered vendor copies absent afterward,Not project source; lockfile authoritative,Not canonical package entry,ignored
node_modules/data-view-byte-length/README 2.md,B — GENERATED / REBUILDABLE,Removed by npm ci,Dependency directory rebuilt from unchanged lockfile; numbered vendor copies absent afterward,Not project source; lockfile authoritative,Not canonical package entry,ignored
node_modules/data-view-byte-length/index 2.js,B — GENERATED / REBUILDABLE,Removed by npm ci,Dependency directory rebuilt from unchanged lockfile; numbered vendor copies absent afterward,Not project source; lockfile authoritative,Not canonical package entry,ignored
node_modules/data-view-byte-length/index.d 2.ts,B — GENERATED / REBUILDABLE,Removed by npm ci,Dependency directory rebuilt from unchanged lockfile; numbered vendor copies absent afterward,Not project source; lockfile authoritative,Not canonical package entry,ignored
node_modules/data-view-byte-length/package 2.json,B — GENERATED / REBUILDABLE,Removed by npm ci,Dependency directory rebuilt from unchanged lockfile; numbered vendor copies absent afterward,Not project source; lockfile authoritative,Not canonical package entry,ignored
node_modules/data-view-byte-length/tsconfig 2.json,B — GENERATED / REBUILDABLE,Removed by npm ci,Dependency directory rebuilt from unchanged lockfile; numbered vendor copies absent afterward,Not project source; lockfile authoritative,Not canonical package entry,ignored
node_modules/data-view-byte-offset/.eslintrc 2,B — GENERATED / REBUILDABLE,Removed by npm ci,Dependency directory rebuilt from unchanged lockfile; numbered vendor copies absent afterward,Not project source; lockfile authoritative,Not canonical package entry,ignored
node_modules/data-view-byte-offset/.nycrc 2,B — GENERATED / REBUILDABLE,Removed by npm ci,Dependency directory rebuilt from unchanged lockfile; numbered vendor copies absent afterward,Not project source; lockfile authoritative,Not canonical package entry,ignored
node_modules/data-view-byte-offset/CHANGELOG 2.md,B — GENERATED / REBUILDABLE,Removed by npm ci,Dependency directory rebuilt from unchanged lockfile; numbered vendor copies absent afterward,Not project source; lockfile authoritative,Not canonical package entry,ignored
node_modules/data-view-byte-offset/LICENSE 2,B — GENERATED / REBUILDABLE,Removed by npm ci,Dependency directory rebuilt from unchanged lockfile; numbered vendor copies absent afterward,Not project source; lockfile authoritative,Not canonical package entry,ignored
node_modules/data-view-byte-offset/README 2.md,B — GENERATED / REBUILDABLE,Removed by npm ci,Dependency directory rebuilt from unchanged lockfile; numbered vendor copies absent afterward,Not project source; lockfile authoritative,Not canonical package entry,ignored
node_modules/data-view-byte-offset/index 2.js,B — GENERATED / REBUILDABLE,Removed by npm ci,Dependency directory rebuilt from unchanged lockfile; numbered vendor copies absent afterward,Not project source; lockfile authoritative,Not canonical package entry,ignored
node_modules/data-view-byte-offset/index.d 2.ts,B — GENERATED / REBUILDABLE,Removed by npm ci,Dependency directory rebuilt from unchanged lockfile; numbered vendor copies absent afterward,Not project source; lockfile authoritative,Not canonical package entry,ignored
node_modules/data-view-byte-offset/package 2.json,B — GENERATED / REBUILDABLE,Removed by npm ci,Dependency directory rebuilt from unchanged lockfile; numbered vendor copies absent afterward,Not project source; lockfile authoritative,Not canonical package entry,ignored
node_modules/data-view-byte-offset/tsconfig 2.json,B — GENERATED / REBUILDABLE,Removed by npm ci,Dependency directory rebuilt from unchanged lockfile; numbered vendor copies absent afterward,Not project source; lockfile authoritative,Not canonical package entry,ignored
node_modules/debug/LICENSE 2,B — GENERATED / REBUILDABLE,Removed by npm ci,Dependency directory rebuilt from unchanged lockfile; numbered vendor copies absent afterward,Not project source; lockfile authoritative,Not canonical package entry,ignored
node_modules/debug/README 2.md,B — GENERATED / REBUILDABLE,Removed by npm ci,Dependency directory rebuilt from unchanged lockfile; numbered vendor copies absent afterward,Not project source; lockfile authoritative,Not canonical package entry,ignored
node_modules/debug/package 2.json,B — GENERATED / REBUILDABLE,Removed by npm ci,Dependency directory rebuilt from unchanged lockfile; numbered vendor copies absent afterward,Not project source; lockfile authoritative,Not canonical package entry,ignored
node_modules/deep-eql/LICENSE 2,B — GENERATED / REBUILDABLE,Removed by npm ci,Dependency directory rebuilt from unchanged lockfile; numbered vendor copies absent afterward,Not project source; lockfile authoritative,Not canonical package entry,ignored
node_modules/deep-eql/README 2.md,B — GENERATED / REBUILDABLE,Removed by npm ci,Dependency directory rebuilt from unchanged lockfile; numbered vendor copies absent afterward,Not project source; lockfile authoritative,Not canonical package entry,ignored
node_modules/deep-eql/index 2.js,B — GENERATED / REBUILDABLE,Removed by npm ci,Dependency directory rebuilt from unchanged lockfile; numbered vendor copies absent afterward,Not project source; lockfile authoritative,Not canonical package entry,ignored
node_modules/deep-eql/package 2.json,B — GENERATED / REBUILDABLE,Removed by npm ci,Dependency directory rebuilt from unchanged lockfile; numbered vendor copies absent afterward,Not project source; lockfile authoritative,Not canonical package entry,ignored
node_modules/deep-is/.travis 2.yml,B — GENERATED / REBUILDABLE,Removed by npm ci,Dependency directory rebuilt from unchanged lockfile; numbered vendor copies absent afterward,Not project source; lockfile authoritative,Not canonical package entry,ignored
node_modules/deep-is/LICENSE 2,B — GENERATED / REBUILDABLE,Removed by npm ci,Dependency directory rebuilt from unchanged lockfile; numbered vendor copies absent afterward,Not project source; lockfile authoritative,Not canonical package entry,ignored
node_modules/deep-is/README 2.markdown,B — GENERATED / REBUILDABLE,Removed by npm ci,Dependency directory rebuilt from unchanged lockfile; numbered vendor copies absent afterward,Not project source; lockfile authoritative,Not canonical package entry,ignored
node_modules/deep-is/index 2.js,B — GENERATED / REBUILDABLE,Removed by npm ci,Dependency directory rebuilt from unchanged lockfile; numbered vendor copies absent afterward,Not project source; lockfile authoritative,Not canonical package entry,ignored
node_modules/deep-is/package 2.json,B — GENERATED / REBUILDABLE,Removed by npm ci,Dependency directory rebuilt from unchanged lockfile; numbered vendor copies absent afterward,Not project source; lockfile authoritative,Not canonical package entry,ignored
node_modules/define-data-property/.eslintrc 2,B — GENERATED / REBUILDABLE,Removed by npm ci,Dependency directory rebuilt from unchanged lockfile; numbered vendor copies absent afterward,Not project source; lockfile authoritative,Not canonical package entry,ignored
node_modules/define-data-property/.nycrc 2,B — GENERATED / REBUILDABLE,Removed by npm ci,Dependency directory rebuilt from unchanged lockfile; numbered vendor copies absent afterward,Not project source; lockfile authoritative,Not canonical package entry,ignored
node_modules/define-data-property/CHANGELOG 2.md,B — GENERATED / REBUILDABLE,Removed by npm ci,Dependency directory rebuilt from unchanged lockfile; numbered vendor copies absent afterward,Not project source; lockfile authoritative,Not canonical package entry,ignored
node_modules/define-data-property/LICENSE 2,B — GENERATED / REBUILDABLE,Removed by npm ci,Dependency directory rebuilt from unchanged lockfile; numbered vendor copies absent afterward,Not project source; lockfile authoritative,Not canonical package entry,ignored
node_modules/define-data-property/README 2.md,B — GENERATED / REBUILDABLE,Removed by npm ci,Dependency directory rebuilt from unchanged lockfile; numbered vendor copies absent afterward,Not project source; lockfile authoritative,Not canonical package entry,ignored
node_modules/define-data-property/index 2.js,B — GENERATED / REBUILDABLE,Removed by npm ci,Dependency directory rebuilt from unchanged lockfile; numbered vendor copies absent afterward,Not project source; lockfile authoritative,Not canonical package entry,ignored
node_modules/define-data-property/index.d 2.ts,B — GENERATED / REBUILDABLE,Removed by npm ci,Dependency directory rebuilt from unchanged lockfile; numbered vendor copies absent afterward,Not project source; lockfile authoritative,Not canonical package entry,ignored
node_modules/define-data-property/package 2.json,B — GENERATED / REBUILDABLE,Removed by npm ci,Dependency directory rebuilt from unchanged lockfile; numbered vendor copies absent afterward,Not project source; lockfile authoritative,Not canonical package entry,ignored
node_modules/define-data-property/tsconfig 2.json,B — GENERATED / REBUILDABLE,Removed by npm ci,Dependency directory rebuilt from unchanged lockfile; numbered vendor copies absent afterward,Not project source; lockfile authoritative,Not canonical package entry,ignored
node_modules/define-properties/.editorconfig 2,B — GENERATED / REBUILDABLE,Removed by npm ci,Dependency directory rebuilt from unchanged lockfile; numbered vendor copies absent afterward,Not project source; lockfile authoritative,Not canonical package entry,ignored
node_modules/define-properties/.eslintrc 2,B — GENERATED / REBUILDABLE,Removed by npm ci,Dependency directory rebuilt from unchanged lockfile; numbered vendor copies absent afterward,Not project source; lockfile authoritative,Not canonical package entry,ignored
node_modules/define-properties/.nycrc 2,B — GENERATED / REBUILDABLE,Removed by npm ci,Dependency directory rebuilt from unchanged lockfile; numbered vendor copies absent afterward,Not project source; lockfile authoritative,Not canonical package entry,ignored
node_modules/define-properties/CHANGELOG 2.md,B — GENERATED / REBUILDABLE,Removed by npm ci,Dependency directory rebuilt from unchanged lockfile; numbered vendor copies absent afterward,Not project source; lockfile authoritative,Not canonical package entry,ignored
node_modules/define-properties/LICENSE 2,B — GENERATED / REBUILDABLE,Removed by npm ci,Dependency directory rebuilt from unchanged lockfile; numbered vendor copies absent afterward,Not project source; lockfile authoritative,Not canonical package entry,ignored
node_modules/define-properties/README 2.md,B — GENERATED / REBUILDABLE,Removed by npm ci,Dependency directory rebuilt from unchanged lockfile; numbered vendor copies absent afterward,Not project source; lockfile authoritative,Not canonical package entry,ignored
node_modules/define-properties/index 2.js,B — GENERATED / REBUILDABLE,Removed by npm ci,Dependency directory rebuilt from unchanged lockfile; numbered vendor copies absent afterward,Not project source; lockfile authoritative,Not canonical package entry,ignored
node_modules/define-properties/package 2.json,B — GENERATED / REBUILDABLE,Removed by npm ci,Dependency directory rebuilt from unchanged lockfile; numbered vendor copies absent afterward,Not project source; lockfile authoritative,Not canonical package entry,ignored
node_modules/detect-libc/LICENSE 2,B — GENERATED / REBUILDABLE,Removed by npm ci,Dependency directory rebuilt from unchanged lockfile; numbered vendor copies absent afterward,Not project source; lockfile authoritative,Not canonical package entry,ignored
node_modules/detect-libc/README 2.md,B — GENERATED / REBUILDABLE,Removed by npm ci,Dependency directory rebuilt from unchanged lockfile; numbered vendor copies absent afterward,Not project source; lockfile authoritative,Not canonical package entry,ignored
node_modules/detect-libc/index.d 2.ts,B — GENERATED / REBUILDABLE,Removed by npm ci,Dependency directory rebuilt from unchanged lockfile; numbered vendor copies absent afterward,Not project source; lockfile authoritative,Not canonical package entry,ignored
node_modules/detect-libc/package 2.json,B — GENERATED / REBUILDABLE,Removed by npm ci,Dependency directory rebuilt from unchanged lockfile; numbered vendor copies absent afterward,Not project source; lockfile authoritative,Not canonical package entry,ignored
node_modules/didyoumean/LICENSE 2,B — GENERATED / REBUILDABLE,Removed by npm ci,Dependency directory rebuilt from unchanged lockfile; numbered vendor copies absent afterward,Not project source; lockfile authoritative,Not canonical package entry,ignored
node_modules/didyoumean/README 2.md,B — GENERATED / REBUILDABLE,Removed by npm ci,Dependency directory rebuilt from unchanged lockfile; numbered vendor copies absent afterward,Not project source; lockfile authoritative,Not canonical package entry,ignored
node_modules/didyoumean/didYouMean-1.2.1 2.js,B — GENERATED / REBUILDABLE,Removed by npm ci,Dependency directory rebuilt from unchanged lockfile; numbered vendor copies absent afterward,Not project source; lockfile authoritative,Not canonical package entry,ignored
node_modules/didyoumean/didYouMean-1.2.1.min 2.js,B — GENERATED / REBUILDABLE,Removed by npm ci,Dependency directory rebuilt from unchanged lockfile; numbered vendor copies absent afterward,Not project source; lockfile authoritative,Not canonical package entry,ignored
node_modules/didyoumean/package 2.json,B — GENERATED / REBUILDABLE,Removed by npm ci,Dependency directory rebuilt from unchanged lockfile; numbered vendor copies absent afterward,Not project source; lockfile authoritative,Not canonical package entry,ignored
node_modules/dlv/README 2.md,B — GENERATED / REBUILDABLE,Removed by npm ci,Dependency directory rebuilt from unchanged lockfile; numbered vendor copies absent afterward,Not project source; lockfile authoritative,Not canonical package entry,ignored
node_modules/dlv/index 2.js,B — GENERATED / REBUILDABLE,Removed by npm ci,Dependency directory rebuilt from unchanged lockfile; numbered vendor copies absent afterward,Not project source; lockfile authoritative,Not canonical package entry,ignored
node_modules/dlv/package 2.json,B — GENERATED / REBUILDABLE,Removed by npm ci,Dependency directory rebuilt from unchanged lockfile; numbered vendor copies absent afterward,Not project source; lockfile authoritative,Not canonical package entry,ignored
node_modules/doctrine/CHANGELOG 2.md,B — GENERATED / REBUILDABLE,Removed by npm ci,Dependency directory rebuilt from unchanged lockfile; numbered vendor copies absent afterward,Not project source; lockfile authoritative,Not canonical package entry,ignored
node_modules/doctrine/LICENSE 2,B — GENERATED / REBUILDABLE,Removed by npm ci,Dependency directory rebuilt from unchanged lockfile; numbered vendor copies absent afterward,Not project source; lockfile authoritative,Not canonical package entry,ignored
node_modules/doctrine/LICENSE 2.closure-compiler,B — GENERATED / REBUILDABLE,Removed by npm ci,Dependency directory rebuilt from unchanged lockfile; numbered vendor copies absent afterward,Not project source; lockfile authoritative,Not canonical package entry,ignored
node_modules/doctrine/LICENSE 2.esprima,B — GENERATED / REBUILDABLE,Removed by npm ci,Dependency directory rebuilt from unchanged lockfile; numbered vendor copies absent afterward,Not project source; lockfile authoritative,Not canonical package entry,ignored
node_modules/doctrine/README 2.md,B — GENERATED / REBUILDABLE,Removed by npm ci,Dependency directory rebuilt from unchanged lockfile; numbered vendor copies absent afterward,Not project source; lockfile authoritative,Not canonical package entry,ignored
node_modules/doctrine/package 2.json,B — GENERATED / REBUILDABLE,Removed by npm ci,Dependency directory rebuilt from unchanged lockfile; numbered vendor copies absent afterward,Not project source; lockfile authoritative,Not canonical package entry,ignored
node_modules/dunder-proto/.eslintrc 2,B — GENERATED / REBUILDABLE,Removed by npm ci,Dependency directory rebuilt from unchanged lockfile; numbered vendor copies absent afterward,Not project source; lockfile authoritative,Not canonical package entry,ignored
node_modules/dunder-proto/.nycrc 2,B — GENERATED / REBUILDABLE,Removed by npm ci,Dependency directory rebuilt from unchanged lockfile; numbered vendor copies absent afterward,Not project source; lockfile authoritative,Not canonical package entry,ignored
node_modules/dunder-proto/CHANGELOG 2.md,B — GENERATED / REBUILDABLE,Removed by npm ci,Dependency directory rebuilt from unchanged lockfile; numbered vendor copies absent afterward,Not project source; lockfile authoritative,Not canonical package entry,ignored
node_modules/dunder-proto/LICENSE 2,B — GENERATED / REBUILDABLE,Removed by npm ci,Dependency directory rebuilt from unchanged lockfile; numbered vendor copies absent afterward,Not project source; lockfile authoritative,Not canonical package entry,ignored
node_modules/dunder-proto/README 2.md,B — GENERATED / REBUILDABLE,Removed by npm ci,Dependency directory rebuilt from unchanged lockfile; numbered vendor copies absent afterward,Not project source; lockfile authoritative,Not canonical package entry,ignored
node_modules/dunder-proto/get 2.js,B — GENERATED / REBUILDABLE,Removed by npm ci,Dependency directory rebuilt from unchanged lockfile; numbered vendor copies absent afterward,Not project source; lockfile authoritative,Not canonical package entry,ignored
node_modules/dunder-proto/get.d 2.ts,B — GENERATED / REBUILDABLE,Removed by npm ci,Dependency directory rebuilt from unchanged lockfile; numbered vendor copies absent afterward,Not project source; lockfile authoritative,Not canonical package entry,ignored
node_modules/dunder-proto/package 2.json,B — GENERATED / REBUILDABLE,Removed by npm ci,Dependency directory rebuilt from unchanged lockfile; numbered vendor copies absent afterward,Not project source; lockfile authoritative,Not canonical package entry,ignored
node_modules/dunder-proto/set 2.js,B — GENERATED / REBUILDABLE,Removed by npm ci,Dependency directory rebuilt from unchanged lockfile; numbered vendor copies absent afterward,Not project source; lockfile authoritative,Not canonical package entry,ignored
node_modules/dunder-proto/set.d 2.ts,B — GENERATED / REBUILDABLE,Removed by npm ci,Dependency directory rebuilt from unchanged lockfile; numbered vendor copies absent afterward,Not project source; lockfile authoritative,Not canonical package entry,ignored
node_modules/dunder-proto/tsconfig 2.json,B — GENERATED / REBUILDABLE,Removed by npm ci,Dependency directory rebuilt from unchanged lockfile; numbered vendor copies absent afterward,Not project source; lockfile authoritative,Not canonical package entry,ignored
node_modules/eastasianwidth/README 2.md,B — GENERATED / REBUILDABLE,Removed by npm ci,Dependency directory rebuilt from unchanged lockfile; numbered vendor copies absent afterward,Not project source; lockfile authoritative,Not canonical package entry,ignored
node_modules/eastasianwidth/eastasianwidth 2.js,B — GENERATED / REBUILDABLE,Removed by npm ci,Dependency directory rebuilt from unchanged lockfile; numbered vendor copies absent afterward,Not project source; lockfile authoritative,Not canonical package entry,ignored
node_modules/eastasianwidth/package 2.json,B — GENERATED / REBUILDABLE,Removed by npm ci,Dependency directory rebuilt from unchanged lockfile; numbered vendor copies absent afterward,Not project source; lockfile authoritative,Not canonical package entry,ignored
node_modules/emoji-regex/LICENSE-MIT 2.txt,B — GENERATED / REBUILDABLE,Removed by npm ci,Dependency directory rebuilt from unchanged lockfile; numbered vendor copies absent afterward,Not project source; lockfile authoritative,Not canonical package entry,ignored
node_modules/emoji-regex/README 2.md,B — GENERATED / REBUILDABLE,Removed by npm ci,Dependency directory rebuilt from unchanged lockfile; numbered vendor copies absent afterward,Not project source; lockfile authoritative,Not canonical package entry,ignored
node_modules/emoji-regex/RGI_Emoji 2.js,B — GENERATED / REBUILDABLE,Removed by npm ci,Dependency directory rebuilt from unchanged lockfile; numbered vendor copies absent afterward,Not project source; lockfile authoritative,Not canonical package entry,ignored
node_modules/emoji-regex/RGI_Emoji.d 2.ts,B — GENERATED / REBUILDABLE,Removed by npm ci,Dependency directory rebuilt from unchanged lockfile; numbered vendor copies absent afterward,Not project source; lockfile authoritative,Not canonical package entry,ignored
node_modules/emoji-regex/index 2.js,B — GENERATED / REBUILDABLE,Removed by npm ci,Dependency directory rebuilt from unchanged lockfile; numbered vendor copies absent afterward,Not project source; lockfile authoritative,Not canonical package entry,ignored
node_modules/emoji-regex/index.d 2.ts,B — GENERATED / REBUILDABLE,Removed by npm ci,Dependency directory rebuilt from unchanged lockfile; numbered vendor copies absent afterward,Not project source; lockfile authoritative,Not canonical package entry,ignored
node_modules/emoji-regex/package 2.json,B — GENERATED / REBUILDABLE,Removed by npm ci,Dependency directory rebuilt from unchanged lockfile; numbered vendor copies absent afterward,Not project source; lockfile authoritative,Not canonical package entry,ignored
node_modules/emoji-regex/text 2.js,B — GENERATED / REBUILDABLE,Removed by npm ci,Dependency directory rebuilt from unchanged lockfile; numbered vendor copies absent afterward,Not project source; lockfile authoritative,Not canonical package entry,ignored
node_modules/emoji-regex/text.d 2.ts,B — GENERATED / REBUILDABLE,Removed by npm ci,Dependency directory rebuilt from unchanged lockfile; numbered vendor copies absent afterward,Not project source; lockfile authoritative,Not canonical package entry,ignored
node_modules/es-abstract/.editorconfig 2,B — GENERATED / REBUILDABLE,Removed by npm ci,Dependency directory rebuilt from unchanged lockfile; numbered vendor copies absent afterward,Not project source; lockfile authoritative,Not canonical package entry,ignored
node_modules/es-abstract/.eslintrc 2,B — GENERATED / REBUILDABLE,Removed by npm ci,Dependency directory rebuilt from unchanged lockfile; numbered vendor copies absent afterward,Not project source; lockfile authoritative,Not canonical package entry,ignored
node_modules/es-abstract/.nycrc 2,B — GENERATED / REBUILDABLE,Removed by npm ci,Dependency directory rebuilt from unchanged lockfile; numbered vendor copies absent afterward,Not project source; lockfile authoritative,Not canonical package entry,ignored
node_modules/es-abstract/CHANGELOG 2.md,B — GENERATED / REBUILDABLE,Removed by npm ci,Dependency directory rebuilt from unchanged lockfile; numbered vendor copies absent afterward,Not project source; lockfile authoritative,Not canonical package entry,ignored
node_modules/es-abstract/GetIntrinsic 2.js,B — GENERATED / REBUILDABLE,Removed by npm ci,Dependency directory rebuilt from unchanged lockfile; numbered vendor copies absent afterward,Not project source; lockfile authoritative,Not canonical package entry,ignored
node_modules/es-abstract/LICENSE 2,B — GENERATED / REBUILDABLE,Removed by npm ci,Dependency directory rebuilt from unchanged lockfile; numbered vendor copies absent afterward,Not project source; lockfile authoritative,Not canonical package entry,ignored
node_modules/es-abstract/README 2.md,B — GENERATED / REBUILDABLE,Removed by npm ci,Dependency directory rebuilt from unchanged lockfile; numbered vendor copies absent afterward,Not project source; lockfile authoritative,Not canonical package entry,ignored
node_modules/es-abstract/es2015 2.js,B — GENERATED / REBUILDABLE,Removed by npm ci,Dependency directory rebuilt from unchanged lockfile; numbered vendor copies absent afterward,Not project source; lockfile authoritative,Not canonical package entry,ignored
node_modules/es-abstract/es2016 2.js,B — GENERATED / REBUILDABLE,Removed by npm ci,Dependency directory rebuilt from unchanged lockfile; numbered vendor copies absent afterward,Not project source; lockfile authoritative,Not canonical package entry,ignored
node_modules/es-abstract/es2017 2.js,B — GENERATED / REBUILDABLE,Removed by npm ci,Dependency directory rebuilt from unchanged lockfile; numbered vendor copies absent afterward,Not project source; lockfile authoritative,Not canonical package entry,ignored
node_modules/es-abstract/es2018 2.js,B — GENERATED / REBUILDABLE,Removed by npm ci,Dependency directory rebuilt from unchanged lockfile; numbered vendor copies absent afterward,Not project source; lockfile authoritative,Not canonical package entry,ignored
node_modules/es-abstract/es2019 2.js,B — GENERATED / REBUILDABLE,Removed by npm ci,Dependency directory rebuilt from unchanged lockfile; numbered vendor copies absent afterward,Not project source; lockfile authoritative,Not canonical package entry,ignored
node_modules/es-abstract/es2020 2.js,B — GENERATED / REBUILDABLE,Removed by npm ci,Dependency directory rebuilt from unchanged lockfile; numbered vendor copies absent afterward,Not project source; lockfile authoritative,Not canonical package entry,ignored
node_modules/es-abstract/es2021 2.js,B — GENERATED / REBUILDABLE,Removed by npm ci,Dependency directory rebuilt from unchanged lockfile; numbered vendor copies absent afterward,Not project source; lockfile authoritative,Not canonical package entry,ignored
node_modules/es-abstract/es2022 2.js,B — GENERATED / REBUILDABLE,Removed by npm ci,Dependency directory rebuilt from unchanged lockfile; numbered vendor copies absent afterward,Not project source; lockfile authoritative,Not canonical package entry,ignored
node_modules/es-abstract/es2023 2.js,B — GENERATED / REBUILDABLE,Removed by npm ci,Dependency directory rebuilt from unchanged lockfile; numbered vendor copies absent afterward,Not project source; lockfile authoritative,Not canonical package entry,ignored
node_modules/es-abstract/es2024 2.js,B — GENERATED / REBUILDABLE,Removed by npm ci,Dependency directory rebuilt from unchanged lockfile; numbered vendor copies absent afterward,Not project source; lockfile authoritative,Not canonical package entry,ignored
node_modules/es-abstract/es2025 2.js,B — GENERATED / REBUILDABLE,Removed by npm ci,Dependency directory rebuilt from unchanged lockfile; numbered vendor copies absent afterward,Not project source; lockfile authoritative,Not canonical package entry,ignored
node_modules/es-abstract/es5 2.js,B — GENERATED / REBUILDABLE,Removed by npm ci,Dependency directory rebuilt from unchanged lockfile; numbered vendor copies absent afterward,Not project source; lockfile authoritative,Not canonical package entry,ignored
node_modules/es-abstract/es6 2.js,B — GENERATED / REBUILDABLE,Removed by npm ci,Dependency directory rebuilt from unchanged lockfile; numbered vendor copies absent afterward,Not project source; lockfile authoritative,Not canonical package entry,ignored
node_modules/es-abstract/es7 2.js,B — GENERATED / REBUILDABLE,Removed by npm ci,Dependency directory rebuilt from unchanged lockfile; numbered vendor copies absent afterward,Not project source; lockfile authoritative,Not canonical package entry,ignored
node_modules/es-abstract/index 2.js,B — GENERATED / REBUILDABLE,Removed by npm ci,Dependency directory rebuilt from unchanged lockfile; numbered vendor copies absent afterward,Not project source; lockfile authoritative,Not canonical package entry,ignored
node_modules/es-abstract/package 2.json,B — GENERATED / REBUILDABLE,Removed by npm ci,Dependency directory rebuilt from unchanged lockfile; numbered vendor copies absent afterward,Not project source; lockfile authoritative,Not canonical package entry,ignored
node_modules/es-define-property/.eslintrc 2,B — GENERATED / REBUILDABLE,Removed by npm ci,Dependency directory rebuilt from unchanged lockfile; numbered vendor copies absent afterward,Not project source; lockfile authoritative,Not canonical package entry,ignored
node_modules/es-define-property/.nycrc 2,B — GENERATED / REBUILDABLE,Removed by npm ci,Dependency directory rebuilt from unchanged lockfile; numbered vendor copies absent afterward,Not project source; lockfile authoritative,Not canonical package entry,ignored
node_modules/es-define-property/CHANGELOG 2.md,B — GENERATED / REBUILDABLE,Removed by npm ci,Dependency directory rebuilt from unchanged lockfile; numbered vendor copies absent afterward,Not project source; lockfile authoritative,Not canonical package entry,ignored
node_modules/es-define-property/LICENSE 2,B — GENERATED / REBUILDABLE,Removed by npm ci,Dependency directory rebuilt from unchanged lockfile; numbered vendor copies absent afterward,Not project source; lockfile authoritative,Not canonical package entry,ignored
node_modules/es-define-property/README 2.md,B — GENERATED / REBUILDABLE,Removed by npm ci,Dependency directory rebuilt from unchanged lockfile; numbered vendor copies absent afterward,Not project source; lockfile authoritative,Not canonical package entry,ignored
node_modules/es-define-property/index 2.js,B — GENERATED / REBUILDABLE,Removed by npm ci,Dependency directory rebuilt from unchanged lockfile; numbered vendor copies absent afterward,Not project source; lockfile authoritative,Not canonical package entry,ignored
node_modules/es-define-property/index.d 2.ts,B — GENERATED / REBUILDABLE,Removed by npm ci,Dependency directory rebuilt from unchanged lockfile; numbered vendor copies absent afterward,Not project source; lockfile authoritative,Not canonical package entry,ignored
node_modules/es-define-property/package 2.json,B — GENERATED / REBUILDABLE,Removed by npm ci,Dependency directory rebuilt from unchanged lockfile; numbered vendor copies absent afterward,Not project source; lockfile authoritative,Not canonical package entry,ignored
node_modules/es-define-property/tsconfig 2.json,B — GENERATED / REBUILDABLE,Removed by npm ci,Dependency directory rebuilt from unchanged lockfile; numbered vendor copies absent afterward,Not project source; lockfile authoritative,Not canonical package entry,ignored
node_modules/es-errors/.eslintrc 2,B — GENERATED / REBUILDABLE,Removed by npm ci,Dependency directory rebuilt from unchanged lockfile; numbered vendor copies absent afterward,Not project source; lockfile authoritative,Not canonical package entry,ignored
node_modules/es-errors/CHANGELOG 2.md,B — GENERATED / REBUILDABLE,Removed by npm ci,Dependency directory rebuilt from unchanged lockfile; numbered vendor copies absent afterward,Not project source; lockfile authoritative,Not canonical package entry,ignored
node_modules/es-errors/LICENSE 2,B — GENERATED / REBUILDABLE,Removed by npm ci,Dependency directory rebuilt from unchanged lockfile; numbered vendor copies absent afterward,Not project source; lockfile authoritative,Not canonical package entry,ignored
node_modules/es-errors/README 2.md,B — GENERATED / REBUILDABLE,Removed by npm ci,Dependency directory rebuilt from unchanged lockfile; numbered vendor copies absent afterward,Not project source; lockfile authoritative,Not canonical package entry,ignored
node_modules/es-errors/eval 2.js,B — GENERATED / REBUILDABLE,Removed by npm ci,Dependency directory rebuilt from unchanged lockfile; numbered vendor copies absent afterward,Not project source; lockfile authoritative,Not canonical package entry,ignored
node_modules/es-errors/eval.d 2.ts,B — GENERATED / REBUILDABLE,Removed by npm ci,Dependency directory rebuilt from unchanged lockfile; numbered vendor copies absent afterward,Not project source; lockfile authoritative,Not canonical package entry,ignored
node_modules/es-errors/index 2.js,B — GENERATED / REBUILDABLE,Removed by npm ci,Dependency directory rebuilt from unchanged lockfile; numbered vendor copies absent afterward,Not project source; lockfile authoritative,Not canonical package entry,ignored
node_modules/es-errors/index.d 2.ts,B — GENERATED / REBUILDABLE,Removed by npm ci,Dependency directory rebuilt from unchanged lockfile; numbered vendor copies absent afterward,Not project source; lockfile authoritative,Not canonical package entry,ignored
node_modules/es-errors/package 2.json,B — GENERATED / REBUILDABLE,Removed by npm ci,Dependency directory rebuilt from unchanged lockfile; numbered vendor copies absent afterward,Not project source; lockfile authoritative,Not canonical package entry,ignored
node_modules/es-errors/range 2.js,B — GENERATED / REBUILDABLE,Removed by npm ci,Dependency directory rebuilt from unchanged lockfile; numbered vendor copies absent afterward,Not project source; lockfile authoritative,Not canonical package entry,ignored
node_modules/es-errors/range.d 2.ts,B — GENERATED / REBUILDABLE,Removed by npm ci,Dependency directory rebuilt from unchanged lockfile; numbered vendor copies absent afterward,Not project source; lockfile authoritative,Not canonical package entry,ignored
node_modules/es-errors/ref 2.js,B — GENERATED / REBUILDABLE,Removed by npm ci,Dependency directory rebuilt from unchanged lockfile; numbered vendor copies absent afterward,Not project source; lockfile authoritative,Not canonical package entry,ignored
node_modules/es-errors/ref.d 2.ts,B — GENERATED / REBUILDABLE,Removed by npm ci,Dependency directory rebuilt from unchanged lockfile; numbered vendor copies absent afterward,Not project source; lockfile authoritative,Not canonical package entry,ignored
node_modules/es-errors/syntax 2.js,B — GENERATED / REBUILDABLE,Removed by npm ci,Dependency directory rebuilt from unchanged lockfile; numbered vendor copies absent afterward,Not project source; lockfile authoritative,Not canonical package entry,ignored
node_modules/es-errors/syntax.d 2.ts,B — GENERATED / REBUILDABLE,Removed by npm ci,Dependency directory rebuilt from unchanged lockfile; numbered vendor copies absent afterward,Not project source; lockfile authoritative,Not canonical package entry,ignored
node_modules/es-errors/tsconfig 2.json,B — GENERATED / REBUILDABLE,Removed by npm ci,Dependency directory rebuilt from unchanged lockfile; numbered vendor copies absent afterward,Not project source; lockfile authoritative,Not canonical package entry,ignored
node_modules/es-errors/type 2.js,B — GENERATED / REBUILDABLE,Removed by npm ci,Dependency directory rebuilt from unchanged lockfile; numbered vendor copies absent afterward,Not project source; lockfile authoritative,Not canonical package entry,ignored
node_modules/es-errors/type.d 2.ts,B — GENERATED / REBUILDABLE,Removed by npm ci,Dependency directory rebuilt from unchanged lockfile; numbered vendor copies absent afterward,Not project source; lockfile authoritative,Not canonical package entry,ignored
node_modules/es-errors/uri 2.js,B — GENERATED / REBUILDABLE,Removed by npm ci,Dependency directory rebuilt from unchanged lockfile; numbered vendor copies absent afterward,Not project source; lockfile authoritative,Not canonical package entry,ignored
node_modules/es-errors/uri.d 2.ts,B — GENERATED / REBUILDABLE,Removed by npm ci,Dependency directory rebuilt from unchanged lockfile; numbered vendor copies absent afterward,Not project source; lockfile authoritative,Not canonical package entry,ignored
node_modules/es-iterator-helpers/.eslintrc 2,B — GENERATED / REBUILDABLE,Removed by npm ci,Dependency directory rebuilt from unchanged lockfile; numbered vendor copies absent afterward,Not project source; lockfile authoritative,Not canonical package entry,ignored
node_modules/es-iterator-helpers/.nycrc 2,B — GENERATED / REBUILDABLE,Removed by npm ci,Dependency directory rebuilt from unchanged lockfile; numbered vendor copies absent afterward,Not project source; lockfile authoritative,Not canonical package entry,ignored
node_modules/es-iterator-helpers/CHANGELOG 2.md,B — GENERATED / REBUILDABLE,Removed by npm ci,Dependency directory rebuilt from unchanged lockfile; numbered vendor copies absent afterward,Not project source; lockfile authoritative,Not canonical package entry,ignored
node_modules/es-iterator-helpers/LICENSE 2,B — GENERATED / REBUILDABLE,Removed by npm ci,Dependency directory rebuilt from unchanged lockfile; numbered vendor copies absent afterward,Not project source; lockfile authoritative,Not canonical package entry,ignored
node_modules/es-iterator-helpers/README 2.md,B — GENERATED / REBUILDABLE,Removed by npm ci,Dependency directory rebuilt from unchanged lockfile; numbered vendor copies absent afterward,Not project source; lockfile authoritative,Not canonical package entry,ignored
node_modules/es-iterator-helpers/auto 2.js,B — GENERATED / REBUILDABLE,Removed by npm ci,Dependency directory rebuilt from unchanged lockfile; numbered vendor copies absent afterward,Not project source; lockfile authoritative,Not canonical package entry,ignored
node_modules/es-iterator-helpers/index 2.json,B — GENERATED / REBUILDABLE,Removed by npm ci,Dependency directory rebuilt from unchanged lockfile; numbered vendor copies absent afterward,Not project source; lockfile authoritative,Not canonical package entry,ignored
node_modules/es-iterator-helpers/package 2.json,B — GENERATED / REBUILDABLE,Removed by npm ci,Dependency directory rebuilt from unchanged lockfile; numbered vendor copies absent afterward,Not project source; lockfile authoritative,Not canonical package entry,ignored
node_modules/es-iterator-helpers/shim 2.js,B — GENERATED / REBUILDABLE,Removed by npm ci,Dependency directory rebuilt from unchanged lockfile; numbered vendor copies absent afterward,Not project source; lockfile authoritative,Not canonical package entry,ignored
node_modules/es-module-lexer/LICENSE 2,B — GENERATED / REBUILDABLE,Removed by npm ci,Dependency directory rebuilt from unchanged lockfile; numbered vendor copies absent afterward,Not project source; lockfile authoritative,Not canonical package entry,ignored
node_modules/es-module-lexer/README 2.md,B — GENERATED / REBUILDABLE,Removed by npm ci,Dependency directory rebuilt from unchanged lockfile; numbered vendor copies absent afterward,Not project source; lockfile authoritative,Not canonical package entry,ignored
node_modules/es-module-lexer/lexer 2.js,B — GENERATED / REBUILDABLE,Removed by npm ci,Dependency directory rebuilt from unchanged lockfile; numbered vendor copies absent afterward,Not project source; lockfile authoritative,Not canonical package entry,ignored
node_modules/es-module-lexer/package 2.json,B — GENERATED / REBUILDABLE,Removed by npm ci,Dependency directory rebuilt from unchanged lockfile; numbered vendor copies absent afterward,Not project source; lockfile authoritative,Not canonical package entry,ignored
node_modules/es-object-atoms/.eslintrc 2,B — GENERATED / REBUILDABLE,Removed by npm ci,Dependency directory rebuilt from unchanged lockfile; numbered vendor copies absent afterward,Not project source; lockfile authoritative,Not canonical package entry,ignored
node_modules/es-object-atoms/CHANGELOG 2.md,B — GENERATED / REBUILDABLE,Removed by npm ci,Dependency directory rebuilt from unchanged lockfile; numbered vendor copies absent afterward,Not project source; lockfile authoritative,Not canonical package entry,ignored
node_modules/es-object-atoms/LICENSE 2,B — GENERATED / REBUILDABLE,Removed by npm ci,Dependency directory rebuilt from unchanged lockfile; numbered vendor copies absent afterward,Not project source; lockfile authoritative,Not canonical package entry,ignored
node_modules/es-object-atoms/README 2.md,B — GENERATED / REBUILDABLE,Removed by npm ci,Dependency directory rebuilt from unchanged lockfile; numbered vendor copies absent afterward,Not project source; lockfile authoritative,Not canonical package entry,ignored
node_modules/es-object-atoms/RequireObjectCoercible 2.js,B — GENERATED / REBUILDABLE,Removed by npm ci,Dependency directory rebuilt from unchanged lockfile; numbered vendor copies absent afterward,Not project source; lockfile authoritative,Not canonical package entry,ignored
node_modules/es-object-atoms/RequireObjectCoercible.d 2.ts,B — GENERATED / REBUILDABLE,Removed by npm ci,Dependency directory rebuilt from unchanged lockfile; numbered vendor copies absent afterward,Not project source; lockfile authoritative,Not canonical package entry,ignored
node_modules/es-object-atoms/ToObject 2.js,B — GENERATED / REBUILDABLE,Removed by npm ci,Dependency directory rebuilt from unchanged lockfile; numbered vendor copies absent afterward,Not project source; lockfile authoritative,Not canonical package entry,ignored
node_modules/es-object-atoms/ToObject.d 2.ts,B — GENERATED / REBUILDABLE,Removed by npm ci,Dependency directory rebuilt from unchanged lockfile; numbered vendor copies absent afterward,Not project source; lockfile authoritative,Not canonical package entry,ignored
node_modules/es-object-atoms/index 2.js,B — GENERATED / REBUILDABLE,Removed by npm ci,Dependency directory rebuilt from unchanged lockfile; numbered vendor copies absent afterward,Not project source; lockfile authoritative,Not canonical package entry,ignored
node_modules/es-object-atoms/index.d 2.ts,B — GENERATED / REBUILDABLE,Removed by npm ci,Dependency directory rebuilt from unchanged lockfile; numbered vendor copies absent afterward,Not project source; lockfile authoritative,Not canonical package entry,ignored
node_modules/es-object-atoms/isObject 2.js,B — GENERATED / REBUILDABLE,Removed by npm ci,Dependency directory rebuilt from unchanged lockfile; numbered vendor copies absent afterward,Not project source; lockfile authoritative,Not canonical package entry,ignored
node_modules/es-object-atoms/isObject.d 2.ts,B — GENERATED / REBUILDABLE,Removed by npm ci,Dependency directory rebuilt from unchanged lockfile; numbered vendor copies absent afterward,Not project source; lockfile authoritative,Not canonical package entry,ignored
node_modules/es-object-atoms/package 2.json,B — GENERATED / REBUILDABLE,Removed by npm ci,Dependency directory rebuilt from unchanged lockfile; numbered vendor copies absent afterward,Not project source; lockfile authoritative,Not canonical package entry,ignored
node_modules/es-object-atoms/tsconfig 2.json,B — GENERATED / REBUILDABLE,Removed by npm ci,Dependency directory rebuilt from unchanged lockfile; numbered vendor copies absent afterward,Not project source; lockfile authoritative,Not canonical package entry,ignored
node_modules/es-set-tostringtag/.eslintrc 2,B — GENERATED / REBUILDABLE,Removed by npm ci,Dependency directory rebuilt from unchanged lockfile; numbered vendor copies absent afterward,Not project source; lockfile authoritative,Not canonical package entry,ignored
node_modules/es-set-tostringtag/.nycrc 2,B — GENERATED / REBUILDABLE,Removed by npm ci,Dependency directory rebuilt from unchanged lockfile; numbered vendor copies absent afterward,Not project source; lockfile authoritative,Not canonical package entry,ignored
node_modules/es-set-tostringtag/CHANGELOG 2.md,B — GENERATED / REBUILDABLE,Removed by npm ci,Dependency directory rebuilt from unchanged lockfile; numbered vendor copies absent afterward,Not project source; lockfile authoritative,Not canonical package entry,ignored
node_modules/es-set-tostringtag/LICENSE 2,B — GENERATED / REBUILDABLE,Removed by npm ci,Dependency directory rebuilt from unchanged lockfile; numbered vendor copies absent afterward,Not project source; lockfile authoritative,Not canonical package entry,ignored
node_modules/es-set-tostringtag/README 2.md,B — GENERATED / REBUILDABLE,Removed by npm ci,Dependency directory rebuilt from unchanged lockfile; numbered vendor copies absent afterward,Not project source; lockfile authoritative,Not canonical package entry,ignored
node_modules/es-set-tostringtag/index 2.js,B — GENERATED / REBUILDABLE,Removed by npm ci,Dependency directory rebuilt from unchanged lockfile; numbered vendor copies absent afterward,Not project source; lockfile authoritative,Not canonical package entry,ignored
node_modules/es-set-tostringtag/index.d 2.ts,B — GENERATED / REBUILDABLE,Removed by npm ci,Dependency directory rebuilt from unchanged lockfile; numbered vendor copies absent afterward,Not project source; lockfile authoritative,Not canonical package entry,ignored
node_modules/es-set-tostringtag/package 2.json,B — GENERATED / REBUILDABLE,Removed by npm ci,Dependency directory rebuilt from unchanged lockfile; numbered vendor copies absent afterward,Not project source; lockfile authoritative,Not canonical package entry,ignored
node_modules/es-set-tostringtag/tsconfig 2.json,B — GENERATED / REBUILDABLE,Removed by npm ci,Dependency directory rebuilt from unchanged lockfile; numbered vendor copies absent afterward,Not project source; lockfile authoritative,Not canonical package entry,ignored
node_modules/es-shim-unscopables/.eslintrc 2,B — GENERATED / REBUILDABLE,Removed by npm ci,Dependency directory rebuilt from unchanged lockfile; numbered vendor copies absent afterward,Not project source; lockfile authoritative,Not canonical package entry,ignored
node_modules/es-shim-unscopables/.nycrc 2,B — GENERATED / REBUILDABLE,Removed by npm ci,Dependency directory rebuilt from unchanged lockfile; numbered vendor copies absent afterward,Not project source; lockfile authoritative,Not canonical package entry,ignored
node_modules/es-shim-unscopables/CHANGELOG 2.md,B — GENERATED / REBUILDABLE,Removed by npm ci,Dependency directory rebuilt from unchanged lockfile; numbered vendor copies absent afterward,Not project source; lockfile authoritative,Not canonical package entry,ignored
node_modules/es-shim-unscopables/LICENSE 2,B — GENERATED / REBUILDABLE,Removed by npm ci,Dependency directory rebuilt from unchanged lockfile; numbered vendor copies absent afterward,Not project source; lockfile authoritative,Not canonical package entry,ignored
node_modules/es-shim-unscopables/README 2.md,B — GENERATED / REBUILDABLE,Removed by npm ci,Dependency directory rebuilt from unchanged lockfile; numbered vendor copies absent afterward,Not project source; lockfile authoritative,Not canonical package entry,ignored
node_modules/es-shim-unscopables/index 2.js,B — GENERATED / REBUILDABLE,Removed by npm ci,Dependency directory rebuilt from unchanged lockfile; numbered vendor copies absent afterward,Not project source; lockfile authoritative,Not canonical package entry,ignored
node_modules/es-shim-unscopables/index.d 2.ts,B — GENERATED / REBUILDABLE,Removed by npm ci,Dependency directory rebuilt from unchanged lockfile; numbered vendor copies absent afterward,Not project source; lockfile authoritative,Not canonical package entry,ignored
node_modules/es-shim-unscopables/package 2.json,B — GENERATED / REBUILDABLE,Removed by npm ci,Dependency directory rebuilt from unchanged lockfile; numbered vendor copies absent afterward,Not project source; lockfile authoritative,Not canonical package entry,ignored
node_modules/es-shim-unscopables/tsconfig 2.json,B — GENERATED / REBUILDABLE,Removed by npm ci,Dependency directory rebuilt from unchanged lockfile; numbered vendor copies absent afterward,Not project source; lockfile authoritative,Not canonical package entry,ignored
node_modules/es-to-primitive/.editorconfig 2,B — GENERATED / REBUILDABLE,Removed by npm ci,Dependency directory rebuilt from unchanged lockfile; numbered vendor copies absent afterward,Not project source; lockfile authoritative,Not canonical package entry,ignored
node_modules/es-to-primitive/.eslintignore 2,B — GENERATED / REBUILDABLE,Removed by npm ci,Dependency directory rebuilt from unchanged lockfile; numbered vendor copies absent afterward,Not project source; lockfile authoritative,Not canonical package entry,ignored
node_modules/es-to-primitive/.eslintrc 2,B — GENERATED / REBUILDABLE,Removed by npm ci,Dependency directory rebuilt from unchanged lockfile; numbered vendor copies absent afterward,Not project source; lockfile authoritative,Not canonical package entry,ignored
node_modules/es-to-primitive/.nycrc 2,B — GENERATED / REBUILDABLE,Removed by npm ci,Dependency directory rebuilt from unchanged lockfile; numbered vendor copies absent afterward,Not project source; lockfile authoritative,Not canonical package entry,ignored
node_modules/es-to-primitive/CHANGELOG 2.md,B — GENERATED / REBUILDABLE,Removed by npm ci,Dependency directory rebuilt from unchanged lockfile; numbered vendor copies absent afterward,Not project source; lockfile authoritative,Not canonical package entry,ignored
node_modules/es-to-primitive/LICENSE 2,B — GENERATED / REBUILDABLE,Removed by npm ci,Dependency directory rebuilt from unchanged lockfile; numbered vendor copies absent afterward,Not project source; lockfile authoritative,Not canonical package entry,ignored
node_modules/es-to-primitive/README 2.md,B — GENERATED / REBUILDABLE,Removed by npm ci,Dependency directory rebuilt from unchanged lockfile; numbered vendor copies absent afterward,Not project source; lockfile authoritative,Not canonical package entry,ignored
node_modules/es-to-primitive/es2015 2.js,B — GENERATED / REBUILDABLE,Removed by npm ci,Dependency directory rebuilt from unchanged lockfile; numbered vendor copies absent afterward,Not project source; lockfile authoritative,Not canonical package entry,ignored
node_modules/es-to-primitive/es2015.d 2.ts,B — GENERATED / REBUILDABLE,Removed by npm ci,Dependency directory rebuilt from unchanged lockfile; numbered vendor copies absent afterward,Not project source; lockfile authoritative,Not canonical package entry,ignored
node_modules/es-to-primitive/es5 2.js,B — GENERATED / REBUILDABLE,Removed by npm ci,Dependency directory rebuilt from unchanged lockfile; numbered vendor copies absent afterward,Not project source; lockfile authoritative,Not canonical package entry,ignored
node_modules/es-to-primitive/es5.d 2.ts,B — GENERATED / REBUILDABLE,Removed by npm ci,Dependency directory rebuilt from unchanged lockfile; numbered vendor copies absent afterward,Not project source; lockfile authoritative,Not canonical package entry,ignored
node_modules/es-to-primitive/es6 2.js,B — GENERATED / REBUILDABLE,Removed by npm ci,Dependency directory rebuilt from unchanged lockfile; numbered vendor copies absent afterward,Not project source; lockfile authoritative,Not canonical package entry,ignored
node_modules/es-to-primitive/es6.d 2.ts,B — GENERATED / REBUILDABLE,Removed by npm ci,Dependency directory rebuilt from unchanged lockfile; numbered vendor copies absent afterward,Not project source; lockfile authoritative,Not canonical package entry,ignored
node_modules/es-to-primitive/index 2.js,B — GENERATED / REBUILDABLE,Removed by npm ci,Dependency directory rebuilt from unchanged lockfile; numbered vendor copies absent afterward,Not project source; lockfile authoritative,Not canonical package entry,ignored
node_modules/es-to-primitive/index.d 2.ts,B — GENERATED / REBUILDABLE,Removed by npm ci,Dependency directory rebuilt from unchanged lockfile; numbered vendor copies absent afterward,Not project source; lockfile authoritative,Not canonical package entry,ignored
node_modules/es-to-primitive/package 2.json,B — GENERATED / REBUILDABLE,Removed by npm ci,Dependency directory rebuilt from unchanged lockfile; numbered vendor copies absent afterward,Not project source; lockfile authoritative,Not canonical package entry,ignored
node_modules/es-to-primitive/tsconfig 2.json,B — GENERATED / REBUILDABLE,Removed by npm ci,Dependency directory rebuilt from unchanged lockfile; numbered vendor copies absent afterward,Not project source; lockfile authoritative,Not canonical package entry,ignored
node_modules/escalade/index.d 2.mts,B — GENERATED / REBUILDABLE,Removed by npm ci,Dependency directory rebuilt from unchanged lockfile; numbered vendor copies absent afterward,Not project source; lockfile authoritative,Not canonical package entry,ignored
node_modules/escalade/index.d 2.ts,B — GENERATED / REBUILDABLE,Removed by npm ci,Dependency directory rebuilt from unchanged lockfile; numbered vendor copies absent afterward,Not project source; lockfile authoritative,Not canonical package entry,ignored
node_modules/escalade/license 2,B — GENERATED / REBUILDABLE,Removed by npm ci,Dependency directory rebuilt from unchanged lockfile; numbered vendor copies absent afterward,Not project source; lockfile authoritative,Not canonical package entry,ignored
node_modules/escalade/package 2.json,B — GENERATED / REBUILDABLE,Removed by npm ci,Dependency directory rebuilt from unchanged lockfile; numbered vendor copies absent afterward,Not project source; lockfile authoritative,Not canonical package entry,ignored
node_modules/escalade/readme 2.md,B — GENERATED / REBUILDABLE,Removed by npm ci,Dependency directory rebuilt from unchanged lockfile; numbered vendor copies absent afterward,Not project source; lockfile authoritative,Not canonical package entry,ignored
node_modules/escape-string-regexp/index 2.js,B — GENERATED / REBUILDABLE,Removed by npm ci,Dependency directory rebuilt from unchanged lockfile; numbered vendor copies absent afterward,Not project source; lockfile authoritative,Not canonical package entry,ignored
node_modules/escape-string-regexp/index.d 2.ts,B — GENERATED / REBUILDABLE,Removed by npm ci,Dependency directory rebuilt from unchanged lockfile; numbered vendor copies absent afterward,Not project source; lockfile authoritative,Not canonical package entry,ignored
node_modules/escape-string-regexp/license 2,B — GENERATED / REBUILDABLE,Removed by npm ci,Dependency directory rebuilt from unchanged lockfile; numbered vendor copies absent afterward,Not project source; lockfile authoritative,Not canonical package entry,ignored
node_modules/escape-string-regexp/package 2.json,B — GENERATED / REBUILDABLE,Removed by npm ci,Dependency directory rebuilt from unchanged lockfile; numbered vendor copies absent afterward,Not project source; lockfile authoritative,Not canonical package entry,ignored
node_modules/escape-string-regexp/readme 2.md,B — GENERATED / REBUILDABLE,Removed by npm ci,Dependency directory rebuilt from unchanged lockfile; numbered vendor copies absent afterward,Not project source; lockfile authoritative,Not canonical package entry,ignored
node_modules/eslint-import-resolver-node/LICENSE 2,B — GENERATED / REBUILDABLE,Removed by npm ci,Dependency directory rebuilt from unchanged lockfile; numbered vendor copies absent afterward,Not project source; lockfile authoritative,Not canonical package entry,ignored
node_modules/eslint-import-resolver-node/README 2.md,B — GENERATED / REBUILDABLE,Removed by npm ci,Dependency directory rebuilt from unchanged lockfile; numbered vendor copies absent afterward,Not project source; lockfile authoritative,Not canonical package entry,ignored
node_modules/eslint-import-resolver-node/index 2.js,B — GENERATED / REBUILDABLE,Removed by npm ci,Dependency directory rebuilt from unchanged lockfile; numbered vendor copies absent afterward,Not project source; lockfile authoritative,Not canonical package entry,ignored
node_modules/eslint-import-resolver-node/package 2.json,B — GENERATED / REBUILDABLE,Removed by npm ci,Dependency directory rebuilt from unchanged lockfile; numbered vendor copies absent afterward,Not project source; lockfile authoritative,Not canonical package entry,ignored
node_modules/eslint-import-resolver-typescript/LICENSE 2,B — GENERATED / REBUILDABLE,Removed by npm ci,Dependency directory rebuilt from unchanged lockfile; numbered vendor copies absent afterward,Not project source; lockfile authoritative,Not canonical package entry,ignored
node_modules/eslint-import-resolver-typescript/README 2.md,B — GENERATED / REBUILDABLE,Removed by npm ci,Dependency directory rebuilt from unchanged lockfile; numbered vendor copies absent afterward,Not project source; lockfile authoritative,Not canonical package entry,ignored
node_modules/eslint-import-resolver-typescript/package 2.json,B — GENERATED / REBUILDABLE,Removed by npm ci,Dependency directory rebuilt from unchanged lockfile; numbered vendor copies absent afterward,Not project source; lockfile authoritative,Not canonical package entry,ignored
node_modules/eslint-module-utils/.nycrc 2,B — GENERATED / REBUILDABLE,Removed by npm ci,Dependency directory rebuilt from unchanged lockfile; numbered vendor copies absent afterward,Not project source; lockfile authoritative,Not canonical package entry,ignored
node_modules/eslint-module-utils/CHANGELOG 2.md,B — GENERATED / REBUILDABLE,Removed by npm ci,Dependency directory rebuilt from unchanged lockfile; numbered vendor copies absent afterward,Not project source; lockfile authoritative,Not canonical package entry,ignored
node_modules/eslint-module-utils/LICENSE 2,B — GENERATED / REBUILDABLE,Removed by npm ci,Dependency directory rebuilt from unchanged lockfile; numbered vendor copies absent afterward,Not project source; lockfile authoritative,Not canonical package entry,ignored
node_modules/eslint-module-utils/ModuleCache 2.js,B — GENERATED / REBUILDABLE,Removed by npm ci,Dependency directory rebuilt from unchanged lockfile; numbered vendor copies absent afterward,Not project source; lockfile authoritative,Not canonical package entry,ignored
node_modules/eslint-module-utils/ModuleCache.d 2.ts,B — GENERATED / REBUILDABLE,Removed by npm ci,Dependency directory rebuilt from unchanged lockfile; numbered vendor copies absent afterward,Not project source; lockfile authoritative,Not canonical package entry,ignored
node_modules/eslint-module-utils/contextCompat 2.js,B — GENERATED / REBUILDABLE,Removed by npm ci,Dependency directory rebuilt from unchanged lockfile; numbered vendor copies absent afterward,Not project source; lockfile authoritative,Not canonical package entry,ignored
node_modules/eslint-module-utils/contextCompat.d 2.ts,B — GENERATED / REBUILDABLE,Removed by npm ci,Dependency directory rebuilt from unchanged lockfile; numbered vendor copies absent afterward,Not project source; lockfile authoritative,Not canonical package entry,ignored
node_modules/eslint-module-utils/declaredScope 2.js,B — GENERATED / REBUILDABLE,Removed by npm ci,Dependency directory rebuilt from unchanged lockfile; numbered vendor copies absent afterward,Not project source; lockfile authoritative,Not canonical package entry,ignored
node_modules/eslint-module-utils/declaredScope.d 2.ts,B — GENERATED / REBUILDABLE,Removed by npm ci,Dependency directory rebuilt from unchanged lockfile; numbered vendor copies absent afterward,Not project source; lockfile authoritative,Not canonical package entry,ignored
node_modules/eslint-module-utils/hash 2.js,B — GENERATED / REBUILDABLE,Removed by npm ci,Dependency directory rebuilt from unchanged lockfile; numbered vendor copies absent afterward,Not project source; lockfile authoritative,Not canonical package entry,ignored
node_modules/eslint-module-utils/hash.d 2.ts,B — GENERATED / REBUILDABLE,Removed by npm ci,Dependency directory rebuilt from unchanged lockfile; numbered vendor copies absent afterward,Not project source; lockfile authoritative,Not canonical package entry,ignored
node_modules/eslint-module-utils/ignore 2.js,B — GENERATED / REBUILDABLE,Removed by npm ci,Dependency directory rebuilt from unchanged lockfile; numbered vendor copies absent afterward,Not project source; lockfile authoritative,Not canonical package entry,ignored
node_modules/eslint-module-utils/ignore.d 2.ts,B — GENERATED / REBUILDABLE,Removed by npm ci,Dependency directory rebuilt from unchanged lockfile; numbered vendor copies absent afterward,Not project source; lockfile authoritative,Not canonical package entry,ignored
node_modules/eslint-module-utils/module-require 2.js,B — GENERATED / REBUILDABLE,Removed by npm ci,Dependency directory rebuilt from unchanged lockfile; numbered vendor copies absent afterward,Not project source; lockfile authoritative,Not canonical package entry,ignored
node_modules/eslint-module-utils/module-require.d 2.ts,B — GENERATED / REBUILDABLE,Removed by npm ci,Dependency directory rebuilt from unchanged lockfile; numbered vendor copies absent afterward,Not project source; lockfile authoritative,Not canonical package entry,ignored
node_modules/eslint-module-utils/moduleVisitor 2.js,B — GENERATED / REBUILDABLE,Removed by npm ci,Dependency directory rebuilt from unchanged lockfile; numbered vendor copies absent afterward,Not project source; lockfile authoritative,Not canonical package entry,ignored
node_modules/eslint-module-utils/moduleVisitor.d 2.ts,B — GENERATED / REBUILDABLE,Removed by npm ci,Dependency directory rebuilt from unchanged lockfile; numbered vendor copies absent afterward,Not project source; lockfile authoritative,Not canonical package entry,ignored
node_modules/eslint-module-utils/package 2.json,B — GENERATED / REBUILDABLE,Removed by npm ci,Dependency directory rebuilt from unchanged lockfile; numbered vendor copies absent afterward,Not project source; lockfile authoritative,Not canonical package entry,ignored
node_modules/eslint-module-utils/parse 2.js,B — GENERATED / REBUILDABLE,Removed by npm ci,Dependency directory rebuilt from unchanged lockfile; numbered vendor copies absent afterward,Not project source; lockfile authoritative,Not canonical package entry,ignored
node_modules/eslint-module-utils/parse.d 2.ts,B — GENERATED / REBUILDABLE,Removed by npm ci,Dependency directory rebuilt from unchanged lockfile; numbered vendor copies absent afterward,Not project source; lockfile authoritative,Not canonical package entry,ignored
node_modules/eslint-module-utils/pkgDir 2.js,B — GENERATED / REBUILDABLE,Removed by npm ci,Dependency directory rebuilt from unchanged lockfile; numbered vendor copies absent afterward,Not project source; lockfile authoritative,Not canonical package entry,ignored
node_modules/eslint-module-utils/pkgDir.d 2.ts,B — GENERATED / REBUILDABLE,Removed by npm ci,Dependency directory rebuilt from unchanged lockfile; numbered vendor copies absent afterward,Not project source; lockfile authoritative,Not canonical package entry,ignored
node_modules/eslint-module-utils/pkgUp 2.js,B — GENERATED / REBUILDABLE,Removed by npm ci,Dependency directory rebuilt from unchanged lockfile; numbered vendor copies absent afterward,Not project source; lockfile authoritative,Not canonical package entry,ignored
node_modules/eslint-module-utils/pkgUp.d 2.ts,B — GENERATED / REBUILDABLE,Removed by npm ci,Dependency directory rebuilt from unchanged lockfile; numbered vendor copies absent afterward,Not project source; lockfile authoritative,Not canonical package entry,ignored
node_modules/eslint-module-utils/readPkgUp 2.js,B — GENERATED / REBUILDABLE,Removed by npm ci,Dependency directory rebuilt from unchanged lockfile; numbered vendor copies absent afterward,Not project source; lockfile authoritative,Not canonical package entry,ignored
node_modules/eslint-module-utils/readPkgUp.d 2.ts,B — GENERATED / REBUILDABLE,Removed by npm ci,Dependency directory rebuilt from unchanged lockfile; numbered vendor copies absent afterward,Not project source; lockfile authoritative,Not canonical package entry,ignored
node_modules/eslint-module-utils/resolve 2.js,B — GENERATED / REBUILDABLE,Removed by npm ci,Dependency directory rebuilt from unchanged lockfile; numbered vendor copies absent afterward,Not project source; lockfile authoritative,Not canonical package entry,ignored
node_modules/eslint-module-utils/resolve.d 2.ts,B — GENERATED / REBUILDABLE,Removed by npm ci,Dependency directory rebuilt from unchanged lockfile; numbered vendor copies absent afterward,Not project source; lockfile authoritative,Not canonical package entry,ignored
node_modules/eslint-module-utils/tsconfig 2.json,B — GENERATED / REBUILDABLE,Removed by npm ci,Dependency directory rebuilt from unchanged lockfile; numbered vendor copies absent afterward,Not project source; lockfile authoritative,Not canonical package entry,ignored
node_modules/eslint-module-utils/types.d 2.ts,B — GENERATED / REBUILDABLE,Removed by npm ci,Dependency directory rebuilt from unchanged lockfile; numbered vendor copies absent afterward,Not project source; lockfile authoritative,Not canonical package entry,ignored
node_modules/eslint-module-utils/unambiguous 2.js,B — GENERATED / REBUILDABLE,Removed by npm ci,Dependency directory rebuilt from unchanged lockfile; numbered vendor copies absent afterward,Not project source; lockfile authoritative,Not canonical package entry,ignored
node_modules/eslint-module-utils/unambiguous.d 2.ts,B — GENERATED / REBUILDABLE,Removed by npm ci,Dependency directory rebuilt from unchanged lockfile; numbered vendor copies absent afterward,Not project source; lockfile authoritative,Not canonical package entry,ignored
node_modules/eslint-module-utils/visit 2.js,B — GENERATED / REBUILDABLE,Removed by npm ci,Dependency directory rebuilt from unchanged lockfile; numbered vendor copies absent afterward,Not project source; lockfile authoritative,Not canonical package entry,ignored
node_modules/eslint-module-utils/visit.d 2.ts,B — GENERATED / REBUILDABLE,Removed by npm ci,Dependency directory rebuilt from unchanged lockfile; numbered vendor copies absent afterward,Not project source; lockfile authoritative,Not canonical package entry,ignored
node_modules/eslint-plugin-import/CHANGELOG 2.md,B — GENERATED / REBUILDABLE,Removed by npm ci,Dependency directory rebuilt from unchanged lockfile; numbered vendor copies absent afterward,Not project source; lockfile authoritative,Not canonical package entry,ignored
node_modules/eslint-plugin-import/LICENSE 2,B — GENERATED / REBUILDABLE,Removed by npm ci,Dependency directory rebuilt from unchanged lockfile; numbered vendor copies absent afterward,Not project source; lockfile authoritative,Not canonical package entry,ignored
node_modules/eslint-plugin-import/README 2.md,B — GENERATED / REBUILDABLE,Removed by npm ci,Dependency directory rebuilt from unchanged lockfile; numbered vendor copies absent afterward,Not project source; lockfile authoritative,Not canonical package entry,ignored
node_modules/eslint-plugin-import/SECURITY 2.md,B — GENERATED / REBUILDABLE,Removed by npm ci,Dependency directory rebuilt from unchanged lockfile; numbered vendor copies absent afterward,Not project source; lockfile authoritative,Not canonical package entry,ignored
node_modules/eslint-plugin-import/index.d 2.ts,B — GENERATED / REBUILDABLE,Removed by npm ci,Dependency directory rebuilt from unchanged lockfile; numbered vendor copies absent afterward,Not project source; lockfile authoritative,Not canonical package entry,ignored
node_modules/eslint-plugin-import/package 2.json,B — GENERATED / REBUILDABLE,Removed by npm ci,Dependency directory rebuilt from unchanged lockfile; numbered vendor copies absent afterward,Not project source; lockfile authoritative,Not canonical package entry,ignored
node_modules/eslint-plugin-jsx-a11y/.babelrc 2,B — GENERATED / REBUILDABLE,Removed by npm ci,Dependency directory rebuilt from unchanged lockfile; numbered vendor copies absent afterward,Not project source; lockfile authoritative,Not canonical package entry,ignored
node_modules/eslint-plugin-jsx-a11y/.eslintrc 2,B — GENERATED / REBUILDABLE,Removed by npm ci,Dependency directory rebuilt from unchanged lockfile; numbered vendor copies absent afterward,Not project source; lockfile authoritative,Not canonical package entry,ignored
node_modules/eslint-plugin-jsx-a11y/CHANGELOG 2.md,B — GENERATED / REBUILDABLE,Removed by npm ci,Dependency directory rebuilt from unchanged lockfile; numbered vendor copies absent afterward,Not project source; lockfile authoritative,Not canonical package entry,ignored
node_modules/eslint-plugin-jsx-a11y/LICENSE 2.md,B — GENERATED / REBUILDABLE,Removed by npm ci,Dependency directory rebuilt from unchanged lockfile; numbered vendor copies absent afterward,Not project source; lockfile authoritative,Not canonical package entry,ignored
node_modules/eslint-plugin-jsx-a11y/README 2.md,B — GENERATED / REBUILDABLE,Removed by npm ci,Dependency directory rebuilt from unchanged lockfile; numbered vendor copies absent afterward,Not project source; lockfile authoritative,Not canonical package entry,ignored
node_modules/eslint-plugin-jsx-a11y/package 2.json,B — GENERATED / REBUILDABLE,Removed by npm ci,Dependency directory rebuilt from unchanged lockfile; numbered vendor copies absent afterward,Not project source; lockfile authoritative,Not canonical package entry,ignored
node_modules/eslint-plugin-react/LICENSE 2,B — GENERATED / REBUILDABLE,Removed by npm ci,Dependency directory rebuilt from unchanged lockfile; numbered vendor copies absent afterward,Not project source; lockfile authoritative,Not canonical package entry,ignored
node_modules/eslint-plugin-react/README 2.md,B — GENERATED / REBUILDABLE,Removed by npm ci,Dependency directory rebuilt from unchanged lockfile; numbered vendor copies absent afterward,Not project source; lockfile authoritative,Not canonical package entry,ignored
node_modules/eslint-plugin-react/index 2.js,B — GENERATED / REBUILDABLE,Removed by npm ci,Dependency directory rebuilt from unchanged lockfile; numbered vendor copies absent afterward,Not project source; lockfile authoritative,Not canonical package entry,ignored
node_modules/eslint-plugin-react/index.d 2.ts,B — GENERATED / REBUILDABLE,Removed by npm ci,Dependency directory rebuilt from unchanged lockfile; numbered vendor copies absent afterward,Not project source; lockfile authoritative,Not canonical package entry,ignored
node_modules/eslint-plugin-react/index.d.ts 2.map,B — GENERATED / REBUILDABLE,Removed by npm ci,Dependency directory rebuilt from unchanged lockfile; numbered vendor copies absent afterward,Not project source; lockfile authoritative,Not canonical package entry,ignored
node_modules/eslint-plugin-react/package 2.json,B — GENERATED / REBUILDABLE,Removed by npm ci,Dependency directory rebuilt from unchanged lockfile; numbered vendor copies absent afterward,Not project source; lockfile authoritative,Not canonical package entry,ignored
node_modules/eslint-scope/LICENSE 2,B — GENERATED / REBUILDABLE,Removed by npm ci,Dependency directory rebuilt from unchanged lockfile; numbered vendor copies absent afterward,Not project source; lockfile authoritative,Not canonical package entry,ignored
node_modules/eslint-scope/README 2.md,B — GENERATED / REBUILDABLE,Removed by npm ci,Dependency directory rebuilt from unchanged lockfile; numbered vendor copies absent afterward,Not project source; lockfile authoritative,Not canonical package entry,ignored
node_modules/eslint-scope/package 2.json,B — GENERATED / REBUILDABLE,Removed by npm ci,Dependency directory rebuilt from unchanged lockfile; numbered vendor copies absent afterward,Not project source; lockfile authoritative,Not canonical package entry,ignored
node_modules/eslint-visitor-keys/LICENSE 2,B — GENERATED / REBUILDABLE,Removed by npm ci,Dependency directory rebuilt from unchanged lockfile; numbered vendor copies absent afterward,Not project source; lockfile authoritative,Not canonical package entry,ignored
node_modules/eslint-visitor-keys/README 2.md,B — GENERATED / REBUILDABLE,Removed by npm ci,Dependency directory rebuilt from unchanged lockfile; numbered vendor copies absent afterward,Not project source; lockfile authoritative,Not canonical package entry,ignored
node_modules/eslint-visitor-keys/package 2.json,B — GENERATED / REBUILDABLE,Removed by npm ci,Dependency directory rebuilt from unchanged lockfile; numbered vendor copies absent afterward,Not project source; lockfile authoritative,Not canonical package entry,ignored
node_modules/eslint/LICENSE 2,B — GENERATED / REBUILDABLE,Removed by npm ci,Dependency directory rebuilt from unchanged lockfile; numbered vendor copies absent afterward,Not project source; lockfile authoritative,Not canonical package entry,ignored
node_modules/eslint/README 2.md,B — GENERATED / REBUILDABLE,Removed by npm ci,Dependency directory rebuilt from unchanged lockfile; numbered vendor copies absent afterward,Not project source; lockfile authoritative,Not canonical package entry,ignored
node_modules/eslint/package 2.json,B — GENERATED / REBUILDABLE,Removed by npm ci,Dependency directory rebuilt from unchanged lockfile; numbered vendor copies absent afterward,Not project source; lockfile authoritative,Not canonical package entry,ignored
node_modules/espree/LICENSE 2,B — GENERATED / REBUILDABLE,Removed by npm ci,Dependency directory rebuilt from unchanged lockfile; numbered vendor copies absent afterward,Not project source; lockfile authoritative,Not canonical package entry,ignored
node_modules/espree/README 2.md,B — GENERATED / REBUILDABLE,Removed by npm ci,Dependency directory rebuilt from unchanged lockfile; numbered vendor copies absent afterward,Not project source; lockfile authoritative,Not canonical package entry,ignored
node_modules/espree/espree 2.js,B — GENERATED / REBUILDABLE,Removed by npm ci,Dependency directory rebuilt from unchanged lockfile; numbered vendor copies absent afterward,Not project source; lockfile authoritative,Not canonical package entry,ignored
node_modules/espree/package 2.json,B — GENERATED / REBUILDABLE,Removed by npm ci,Dependency directory rebuilt from unchanged lockfile; numbered vendor copies absent afterward,Not project source; lockfile authoritative,Not canonical package entry,ignored
node_modules/esquery/README 2.md,B — GENERATED / REBUILDABLE,Removed by npm ci,Dependency directory rebuilt from unchanged lockfile; numbered vendor copies absent afterward,Not project source; lockfile authoritative,Not canonical package entry,ignored
node_modules/esquery/license 2.txt,B — GENERATED / REBUILDABLE,Removed by npm ci,Dependency directory rebuilt from unchanged lockfile; numbered vendor copies absent afterward,Not project source; lockfile authoritative,Not canonical package entry,ignored
node_modules/esquery/package 2.json,B — GENERATED / REBUILDABLE,Removed by npm ci,Dependency directory rebuilt from unchanged lockfile; numbered vendor copies absent afterward,Not project source; lockfile authoritative,Not canonical package entry,ignored
node_modules/esquery/parser 2.js,B — GENERATED / REBUILDABLE,Removed by npm ci,Dependency directory rebuilt from unchanged lockfile; numbered vendor copies absent afterward,Not project source; lockfile authoritative,Not canonical package entry,ignored
node_modules/esrecurse/.babelrc 2,B — GENERATED / REBUILDABLE,Removed by npm ci,Dependency directory rebuilt from unchanged lockfile; numbered vendor copies absent afterward,Not project source; lockfile authoritative,Not canonical package entry,ignored
node_modules/esrecurse/README 2.md,B — GENERATED / REBUILDABLE,Removed by npm ci,Dependency directory rebuilt from unchanged lockfile; numbered vendor copies absent afterward,Not project source; lockfile authoritative,Not canonical package entry,ignored
node_modules/esrecurse/esrecurse 2.js,B — GENERATED / REBUILDABLE,Removed by npm ci,Dependency directory rebuilt from unchanged lockfile; numbered vendor copies absent afterward,Not project source; lockfile authoritative,Not canonical package entry,ignored
node_modules/esrecurse/gulpfile.babel 2.js,B — GENERATED / REBUILDABLE,Removed by npm ci,Dependency directory rebuilt from unchanged lockfile; numbered vendor copies absent afterward,Not project source; lockfile authoritative,Not canonical package entry,ignored
node_modules/esrecurse/package 2.json,B — GENERATED / REBUILDABLE,Removed by npm ci,Dependency directory rebuilt from unchanged lockfile; numbered vendor copies absent afterward,Not project source; lockfile authoritative,Not canonical package entry,ignored
node_modules/estraverse/.jshintrc 2,B — GENERATED / REBUILDABLE,Removed by npm ci,Dependency directory rebuilt from unchanged lockfile; numbered vendor copies absent afterward,Not project source; lockfile authoritative,Not canonical package entry,ignored
node_modules/estraverse/LICENSE 2.BSD,B — GENERATED / REBUILDABLE,Removed by npm ci,Dependency directory rebuilt from unchanged lockfile; numbered vendor copies absent afterward,Not project source; lockfile authoritative,Not canonical package entry,ignored
node_modules/estraverse/README 2.md,B — GENERATED / REBUILDABLE,Removed by npm ci,Dependency directory rebuilt from unchanged lockfile; numbered vendor copies absent afterward,Not project source; lockfile authoritative,Not canonical package entry,ignored
node_modules/estraverse/estraverse 2.js,B — GENERATED / REBUILDABLE,Removed by npm ci,Dependency directory rebuilt from unchanged lockfile; numbered vendor copies absent afterward,Not project source; lockfile authoritative,Not canonical package entry,ignored
node_modules/estraverse/gulpfile 2.js,B — GENERATED / REBUILDABLE,Removed by npm ci,Dependency directory rebuilt from unchanged lockfile; numbered vendor copies absent afterward,Not project source; lockfile authoritative,Not canonical package entry,ignored
node_modules/estraverse/package 2.json,B — GENERATED / REBUILDABLE,Removed by npm ci,Dependency directory rebuilt from unchanged lockfile; numbered vendor copies absent afterward,Not project source; lockfile authoritative,Not canonical package entry,ignored
node_modules/estree-walker/LICENSE 2,B — GENERATED / REBUILDABLE,Removed by npm ci,Dependency directory rebuilt from unchanged lockfile; numbered vendor copies absent afterward,Not project source; lockfile authoritative,Not canonical package entry,ignored
node_modules/estree-walker/README 2.md,B — GENERATED / REBUILDABLE,Removed by npm ci,Dependency directory rebuilt from unchanged lockfile; numbered vendor copies absent afterward,Not project source; lockfile authoritative,Not canonical package entry,ignored
node_modules/estree-walker/package 2.json,B — GENERATED / REBUILDABLE,Removed by npm ci,Dependency directory rebuilt from unchanged lockfile; numbered vendor copies absent afterward,Not project source; lockfile authoritative,Not canonical package entry,ignored
node_modules/esutils/LICENSE 2.BSD,B — GENERATED / REBUILDABLE,Removed by npm ci,Dependency directory rebuilt from unchanged lockfile; numbered vendor copies absent afterward,Not project source; lockfile authoritative,Not canonical package entry,ignored
node_modules/esutils/README 2.md,B — GENERATED / REBUILDABLE,Removed by npm ci,Dependency directory rebuilt from unchanged lockfile; numbered vendor copies absent afterward,Not project source; lockfile authoritative,Not canonical package entry,ignored
node_modules/esutils/package 2.json,B — GENERATED / REBUILDABLE,Removed by npm ci,Dependency directory rebuilt from unchanged lockfile; numbered vendor copies absent afterward,Not project source; lockfile authoritative,Not canonical package entry,ignored
node_modules/expect-type/LICENSE 2,B — GENERATED / REBUILDABLE,Removed by npm ci,Dependency directory rebuilt from unchanged lockfile; numbered vendor copies absent afterward,Not project source; lockfile authoritative,Not canonical package entry,ignored
node_modules/expect-type/README 2.md,B — GENERATED / REBUILDABLE,Removed by npm ci,Dependency directory rebuilt from unchanged lockfile; numbered vendor copies absent afterward,Not project source; lockfile authoritative,Not canonical package entry,ignored
node_modules/expect-type/SECURITY 2.md,B — GENERATED / REBUILDABLE,Removed by npm ci,Dependency directory rebuilt from unchanged lockfile; numbered vendor copies absent afterward,Not project source; lockfile authoritative,Not canonical package entry,ignored
node_modules/expect-type/package 2.json,B — GENERATED / REBUILDABLE,Removed by npm ci,Dependency directory rebuilt from unchanged lockfile; numbered vendor copies absent afterward,Not project source; lockfile authoritative,Not canonical package entry,ignored
node_modules/fast-deep-equal/LICENSE 2,B — GENERATED / REBUILDABLE,Removed by npm ci,Dependency directory rebuilt from unchanged lockfile; numbered vendor copies absent afterward,Not project source; lockfile authoritative,Not canonical package entry,ignored
node_modules/fast-deep-equal/README 2.md,B — GENERATED / REBUILDABLE,Removed by npm ci,Dependency directory rebuilt from unchanged lockfile; numbered vendor copies absent afterward,Not project source; lockfile authoritative,Not canonical package entry,ignored
node_modules/fast-deep-equal/index 2.js,B — GENERATED / REBUILDABLE,Removed by npm ci,Dependency directory rebuilt from unchanged lockfile; numbered vendor copies absent afterward,Not project source; lockfile authoritative,Not canonical package entry,ignored
node_modules/fast-deep-equal/index.d 2.ts,B — GENERATED / REBUILDABLE,Removed by npm ci,Dependency directory rebuilt from unchanged lockfile; numbered vendor copies absent afterward,Not project source; lockfile authoritative,Not canonical package entry,ignored
node_modules/fast-deep-equal/package 2.json,B — GENERATED / REBUILDABLE,Removed by npm ci,Dependency directory rebuilt from unchanged lockfile; numbered vendor copies absent afterward,Not project source; lockfile authoritative,Not canonical package entry,ignored
node_modules/fast-deep-equal/react 2.js,B — GENERATED / REBUILDABLE,Removed by npm ci,Dependency directory rebuilt from unchanged lockfile; numbered vendor copies absent afterward,Not project source; lockfile authoritative,Not canonical package entry,ignored
node_modules/fast-deep-equal/react.d 2.ts,B — GENERATED / REBUILDABLE,Removed by npm ci,Dependency directory rebuilt from unchanged lockfile; numbered vendor copies absent afterward,Not project source; lockfile authoritative,Not canonical package entry,ignored
node_modules/fast-glob/LICENSE 2,B — GENERATED / REBUILDABLE,Removed by npm ci,Dependency directory rebuilt from unchanged lockfile; numbered vendor copies absent afterward,Not project source; lockfile authoritative,Not canonical package entry,ignored
node_modules/fast-glob/README 2.md,B — GENERATED / REBUILDABLE,Removed by npm ci,Dependency directory rebuilt from unchanged lockfile; numbered vendor copies absent afterward,Not project source; lockfile authoritative,Not canonical package entry,ignored
node_modules/fast-glob/package 2.json,B — GENERATED / REBUILDABLE,Removed by npm ci,Dependency directory rebuilt from unchanged lockfile; numbered vendor copies absent afterward,Not project source; lockfile authoritative,Not canonical package entry,ignored
node_modules/fast-json-stable-stringify/.eslintrc 2.yml,B — GENERATED / REBUILDABLE,Removed by npm ci,Dependency directory rebuilt from unchanged lockfile; numbered vendor copies absent afterward,Not project source; lockfile authoritative,Not canonical package entry,ignored
node_modules/fast-json-stable-stringify/.travis 2.yml,B — GENERATED / REBUILDABLE,Removed by npm ci,Dependency directory rebuilt from unchanged lockfile; numbered vendor copies absent afterward,Not project source; lockfile authoritative,Not canonical package entry,ignored
node_modules/fast-json-stable-stringify/LICENSE 2,B — GENERATED / REBUILDABLE,Removed by npm ci,Dependency directory rebuilt from unchanged lockfile; numbered vendor copies absent afterward,Not project source; lockfile authoritative,Not canonical package entry,ignored
node_modules/fast-json-stable-stringify/README 2.md,B — GENERATED / REBUILDABLE,Removed by npm ci,Dependency directory rebuilt from unchanged lockfile; numbered vendor copies absent afterward,Not project source; lockfile authoritative,Not canonical package entry,ignored
node_modules/fast-json-stable-stringify/index 2.js,B — GENERATED / REBUILDABLE,Removed by npm ci,Dependency directory rebuilt from unchanged lockfile; numbered vendor copies absent afterward,Not project source; lockfile authoritative,Not canonical package entry,ignored
node_modules/fast-json-stable-stringify/index.d 2.ts,B — GENERATED / REBUILDABLE,Removed by npm ci,Dependency directory rebuilt from unchanged lockfile; numbered vendor copies absent afterward,Not project source; lockfile authoritative,Not canonical package entry,ignored
node_modules/fast-json-stable-stringify/package 2.json,B — GENERATED / REBUILDABLE,Removed by npm ci,Dependency directory rebuilt from unchanged lockfile; numbered vendor copies absent afterward,Not project source; lockfile authoritative,Not canonical package entry,ignored
node_modules/fast-levenshtein/LICENSE 2.md,B — GENERATED / REBUILDABLE,Removed by npm ci,Dependency directory rebuilt from unchanged lockfile; numbered vendor copies absent afterward,Not project source; lockfile authoritative,Not canonical package entry,ignored
node_modules/fast-levenshtein/README 2.md,B — GENERATED / REBUILDABLE,Removed by npm ci,Dependency directory rebuilt from unchanged lockfile; numbered vendor copies absent afterward,Not project source; lockfile authoritative,Not canonical package entry,ignored
node_modules/fast-levenshtein/levenshtein 2.js,B — GENERATED / REBUILDABLE,Removed by npm ci,Dependency directory rebuilt from unchanged lockfile; numbered vendor copies absent afterward,Not project source; lockfile authoritative,Not canonical package entry,ignored
node_modules/fast-levenshtein/package 2.json,B — GENERATED / REBUILDABLE,Removed by npm ci,Dependency directory rebuilt from unchanged lockfile; numbered vendor copies absent afterward,Not project source; lockfile authoritative,Not canonical package entry,ignored
node_modules/fastq/LICENSE 2,B — GENERATED / REBUILDABLE,Removed by npm ci,Dependency directory rebuilt from unchanged lockfile; numbered vendor copies absent afterward,Not project source; lockfile authoritative,Not canonical package entry,ignored
node_modules/fastq/README 2.md,B — GENERATED / REBUILDABLE,Removed by npm ci,Dependency directory rebuilt from unchanged lockfile; numbered vendor copies absent afterward,Not project source; lockfile authoritative,Not canonical package entry,ignored
node_modules/fastq/SECURITY 2.md,B — GENERATED / REBUILDABLE,Removed by npm ci,Dependency directory rebuilt from unchanged lockfile; numbered vendor copies absent afterward,Not project source; lockfile authoritative,Not canonical package entry,ignored
node_modules/fastq/bench 2.js,B — GENERATED / REBUILDABLE,Removed by npm ci,Dependency directory rebuilt from unchanged lockfile; numbered vendor copies absent afterward,Not project source; lockfile authoritative,Not canonical package entry,ignored
node_modules/fastq/example 2.js,B — GENERATED / REBUILDABLE,Removed by npm ci,Dependency directory rebuilt from unchanged lockfile; numbered vendor copies absent afterward,Not project source; lockfile authoritative,Not canonical package entry,ignored
node_modules/fastq/example 2.mjs,B — GENERATED / REBUILDABLE,Removed by npm ci,Dependency directory rebuilt from unchanged lockfile; numbered vendor copies absent afterward,Not project source; lockfile authoritative,Not canonical package entry,ignored
node_modules/fastq/index.d 2.ts,B — GENERATED / REBUILDABLE,Removed by npm ci,Dependency directory rebuilt from unchanged lockfile; numbered vendor copies absent afterward,Not project source; lockfile authoritative,Not canonical package entry,ignored
node_modules/fastq/package 2.json,B — GENERATED / REBUILDABLE,Removed by npm ci,Dependency directory rebuilt from unchanged lockfile; numbered vendor copies absent afterward,Not project source; lockfile authoritative,Not canonical package entry,ignored
node_modules/fastq/queue 2.js,B — GENERATED / REBUILDABLE,Removed by npm ci,Dependency directory rebuilt from unchanged lockfile; numbered vendor copies absent afterward,Not project source; lockfile authoritative,Not canonical package entry,ignored
node_modules/file-entry-cache/LICENSE 2,B — GENERATED / REBUILDABLE,Removed by npm ci,Dependency directory rebuilt from unchanged lockfile; numbered vendor copies absent afterward,Not project source; lockfile authoritative,Not canonical package entry,ignored
node_modules/file-entry-cache/README 2.md,B — GENERATED / REBUILDABLE,Removed by npm ci,Dependency directory rebuilt from unchanged lockfile; numbered vendor copies absent afterward,Not project source; lockfile authoritative,Not canonical package entry,ignored
node_modules/file-entry-cache/cache 2.js,B — GENERATED / REBUILDABLE,Removed by npm ci,Dependency directory rebuilt from unchanged lockfile; numbered vendor copies absent afterward,Not project source; lockfile authoritative,Not canonical package entry,ignored
node_modules/file-entry-cache/package 2.json,B — GENERATED / REBUILDABLE,Removed by npm ci,Dependency directory rebuilt from unchanged lockfile; numbered vendor copies absent afterward,Not project source; lockfile authoritative,Not canonical package entry,ignored
node_modules/fill-range/LICENSE 2,B — GENERATED / REBUILDABLE,Removed by npm ci,Dependency directory rebuilt from unchanged lockfile; numbered vendor copies absent afterward,Not project source; lockfile authoritative,Not canonical package entry,ignored
node_modules/fill-range/README 2.md,B — GENERATED / REBUILDABLE,Removed by npm ci,Dependency directory rebuilt from unchanged lockfile; numbered vendor copies absent afterward,Not project source; lockfile authoritative,Not canonical package entry,ignored
node_modules/fill-range/index 2.js,B — GENERATED / REBUILDABLE,Removed by npm ci,Dependency directory rebuilt from unchanged lockfile; numbered vendor copies absent afterward,Not project source; lockfile authoritative,Not canonical package entry,ignored
node_modules/fill-range/package 2.json,B — GENERATED / REBUILDABLE,Removed by npm ci,Dependency directory rebuilt from unchanged lockfile; numbered vendor copies absent afterward,Not project source; lockfile authoritative,Not canonical package entry,ignored
node_modules/find-up/index 2.js,B — GENERATED / REBUILDABLE,Removed by npm ci,Dependency directory rebuilt from unchanged lockfile; numbered vendor copies absent afterward,Not project source; lockfile authoritative,Not canonical package entry,ignored
node_modules/find-up/index.d 2.ts,B — GENERATED / REBUILDABLE,Removed by npm ci,Dependency directory rebuilt from unchanged lockfile; numbered vendor copies absent afterward,Not project source; lockfile authoritative,Not canonical package entry,ignored
node_modules/find-up/license 2,B — GENERATED / REBUILDABLE,Removed by npm ci,Dependency directory rebuilt from unchanged lockfile; numbered vendor copies absent afterward,Not project source; lockfile authoritative,Not canonical package entry,ignored
node_modules/find-up/package 2.json,B — GENERATED / REBUILDABLE,Removed by npm ci,Dependency directory rebuilt from unchanged lockfile; numbered vendor copies absent afterward,Not project source; lockfile authoritative,Not canonical package entry,ignored
node_modules/find-up/readme 2.md,B — GENERATED / REBUILDABLE,Removed by npm ci,Dependency directory rebuilt from unchanged lockfile; numbered vendor copies absent afterward,Not project source; lockfile authoritative,Not canonical package entry,ignored
node_modules/flat-cache/LICENSE 2,B — GENERATED / REBUILDABLE,Removed by npm ci,Dependency directory rebuilt from unchanged lockfile; numbered vendor copies absent afterward,Not project source; lockfile authoritative,Not canonical package entry,ignored
node_modules/flat-cache/README 2.md,B — GENERATED / REBUILDABLE,Removed by npm ci,Dependency directory rebuilt from unchanged lockfile; numbered vendor copies absent afterward,Not project source; lockfile authoritative,Not canonical package entry,ignored
node_modules/flat-cache/changelog 2.md,B — GENERATED / REBUILDABLE,Removed by npm ci,Dependency directory rebuilt from unchanged lockfile; numbered vendor copies absent afterward,Not project source; lockfile authoritative,Not canonical package entry,ignored
node_modules/flat-cache/package 2.json,B — GENERATED / REBUILDABLE,Removed by npm ci,Dependency directory rebuilt from unchanged lockfile; numbered vendor copies absent afterward,Not project source; lockfile authoritative,Not canonical package entry,ignored
node_modules/for-each/.editorconfig 2,B — GENERATED / REBUILDABLE,Removed by npm ci,Dependency directory rebuilt from unchanged lockfile; numbered vendor copies absent afterward,Not project source; lockfile authoritative,Not canonical package entry,ignored
node_modules/for-each/.eslintrc 2,B — GENERATED / REBUILDABLE,Removed by npm ci,Dependency directory rebuilt from unchanged lockfile; numbered vendor copies absent afterward,Not project source; lockfile authoritative,Not canonical package entry,ignored
node_modules/for-each/.nycrc 2,B — GENERATED / REBUILDABLE,Removed by npm ci,Dependency directory rebuilt from unchanged lockfile; numbered vendor copies absent afterward,Not project source; lockfile authoritative,Not canonical package entry,ignored
node_modules/for-each/CHANGELOG 2.md,B — GENERATED / REBUILDABLE,Removed by npm ci,Dependency directory rebuilt from unchanged lockfile; numbered vendor copies absent afterward,Not project source; lockfile authoritative,Not canonical package entry,ignored
node_modules/for-each/LICENSE 2,B — GENERATED / REBUILDABLE,Removed by npm ci,Dependency directory rebuilt from unchanged lockfile; numbered vendor copies absent afterward,Not project source; lockfile authoritative,Not canonical package entry,ignored
node_modules/for-each/README 2.md,B — GENERATED / REBUILDABLE,Removed by npm ci,Dependency directory rebuilt from unchanged lockfile; numbered vendor copies absent afterward,Not project source; lockfile authoritative,Not canonical package entry,ignored
node_modules/for-each/index 2.js,B — GENERATED / REBUILDABLE,Removed by npm ci,Dependency directory rebuilt from unchanged lockfile; numbered vendor copies absent afterward,Not project source; lockfile authoritative,Not canonical package entry,ignored
node_modules/for-each/index.d 2.ts,B — GENERATED / REBUILDABLE,Removed by npm ci,Dependency directory rebuilt from unchanged lockfile; numbered vendor copies absent afterward,Not project source; lockfile authoritative,Not canonical package entry,ignored
node_modules/for-each/package 2.json,B — GENERATED / REBUILDABLE,Removed by npm ci,Dependency directory rebuilt from unchanged lockfile; numbered vendor copies absent afterward,Not project source; lockfile authoritative,Not canonical package entry,ignored
node_modules/for-each/tsconfig 2.json,B — GENERATED / REBUILDABLE,Removed by npm ci,Dependency directory rebuilt from unchanged lockfile; numbered vendor copies absent afterward,Not project source; lockfile authoritative,Not canonical package entry,ignored
node_modules/foreground-child/LICENSE 2,B — GENERATED / REBUILDABLE,Removed by npm ci,Dependency directory rebuilt from unchanged lockfile; numbered vendor copies absent afterward,Not project source; lockfile authoritative,Not canonical package entry,ignored
node_modules/foreground-child/README 2.md,B — GENERATED / REBUILDABLE,Removed by npm ci,Dependency directory rebuilt from unchanged lockfile; numbered vendor copies absent afterward,Not project source; lockfile authoritative,Not canonical package entry,ignored
node_modules/foreground-child/package 2.json,B — GENERATED / REBUILDABLE,Removed by npm ci,Dependency directory rebuilt from unchanged lockfile; numbered vendor copies absent afterward,Not project source; lockfile authoritative,Not canonical package entry,ignored
node_modules/fraction.js/LICENSE 2,B — GENERATED / REBUILDABLE,Removed by npm ci,Dependency directory rebuilt from unchanged lockfile; numbered vendor copies absent afterward,Not project source; lockfile authoritative,Not canonical package entry,ignored
node_modules/fraction.js/README 2.md,B — GENERATED / REBUILDABLE,Removed by npm ci,Dependency directory rebuilt from unchanged lockfile; numbered vendor copies absent afterward,Not project source; lockfile authoritative,Not canonical package entry,ignored
node_modules/fraction.js/bigfraction 2.js,B — GENERATED / REBUILDABLE,Removed by npm ci,Dependency directory rebuilt from unchanged lockfile; numbered vendor copies absent afterward,Not project source; lockfile authoritative,Not canonical package entry,ignored
node_modules/fraction.js/fraction 2.cjs,B — GENERATED / REBUILDABLE,Removed by npm ci,Dependency directory rebuilt from unchanged lockfile; numbered vendor copies absent afterward,Not project source; lockfile authoritative,Not canonical package entry,ignored
node_modules/fraction.js/fraction 2.js,B — GENERATED / REBUILDABLE,Removed by npm ci,Dependency directory rebuilt from unchanged lockfile; numbered vendor copies absent afterward,Not project source; lockfile authoritative,Not canonical package entry,ignored
node_modules/fraction.js/fraction.d 2.ts,B — GENERATED / REBUILDABLE,Removed by npm ci,Dependency directory rebuilt from unchanged lockfile; numbered vendor copies absent afterward,Not project source; lockfile authoritative,Not canonical package entry,ignored
node_modules/fraction.js/fraction.min 2.js,B — GENERATED / REBUILDABLE,Removed by npm ci,Dependency directory rebuilt from unchanged lockfile; numbered vendor copies absent afterward,Not project source; lockfile authoritative,Not canonical package entry,ignored
node_modules/fraction.js/package 2.json,B — GENERATED / REBUILDABLE,Removed by npm ci,Dependency directory rebuilt from unchanged lockfile; numbered vendor copies absent afterward,Not project source; lockfile authoritative,Not canonical package entry,ignored
node_modules/fsevents/LICENSE 2,B — GENERATED / REBUILDABLE,Removed by npm ci,Dependency directory rebuilt from unchanged lockfile; numbered vendor copies absent afterward,Not project source; lockfile authoritative,Not canonical package entry,ignored
node_modules/fsevents/README 2.md,B — GENERATED / REBUILDABLE,Removed by npm ci,Dependency directory rebuilt from unchanged lockfile; numbered vendor copies absent afterward,Not project source; lockfile authoritative,Not canonical package entry,ignored
node_modules/fsevents/fsevents 2.js,B — GENERATED / REBUILDABLE,Removed by npm ci,Dependency directory rebuilt from unchanged lockfile; numbered vendor copies absent afterward,Not project source; lockfile authoritative,Not canonical package entry,ignored
node_modules/fsevents/fsevents 2.node,B — GENERATED / REBUILDABLE,Removed by npm ci,Dependency directory rebuilt from unchanged lockfile; numbered vendor copies absent afterward,Not project source; lockfile authoritative,Not canonical package entry,ignored
node_modules/fsevents/fsevents.d 2.ts,B — GENERATED / REBUILDABLE,Removed by npm ci,Dependency directory rebuilt from unchanged lockfile; numbered vendor copies absent afterward,Not project source; lockfile authoritative,Not canonical package entry,ignored
node_modules/fsevents/package 2.json,B — GENERATED / REBUILDABLE,Removed by npm ci,Dependency directory rebuilt from unchanged lockfile; numbered vendor copies absent afterward,Not project source; lockfile authoritative,Not canonical package entry,ignored
node_modules/function-bind/.eslintrc 2,B — GENERATED / REBUILDABLE,Removed by npm ci,Dependency directory rebuilt from unchanged lockfile; numbered vendor copies absent afterward,Not project source; lockfile authoritative,Not canonical package entry,ignored
node_modules/function-bind/.nycrc 2,B — GENERATED / REBUILDABLE,Removed by npm ci,Dependency directory rebuilt from unchanged lockfile; numbered vendor copies absent afterward,Not project source; lockfile authoritative,Not canonical package entry,ignored
node_modules/function-bind/CHANGELOG 2.md,B — GENERATED / REBUILDABLE,Removed by npm ci,Dependency directory rebuilt from unchanged lockfile; numbered vendor copies absent afterward,Not project source; lockfile authoritative,Not canonical package entry,ignored
node_modules/function-bind/LICENSE 2,B — GENERATED / REBUILDABLE,Removed by npm ci,Dependency directory rebuilt from unchanged lockfile; numbered vendor copies absent afterward,Not project source; lockfile authoritative,Not canonical package entry,ignored
node_modules/function-bind/README 2.md,B — GENERATED / REBUILDABLE,Removed by npm ci,Dependency directory rebuilt from unchanged lockfile; numbered vendor copies absent afterward,Not project source; lockfile authoritative,Not canonical package entry,ignored
node_modules/function-bind/implementation 2.js,B — GENERATED / REBUILDABLE,Removed by npm ci,Dependency directory rebuilt from unchanged lockfile; numbered vendor copies absent afterward,Not project source; lockfile authoritative,Not canonical package entry,ignored
node_modules/function-bind/index 2.js,B — GENERATED / REBUILDABLE,Removed by npm ci,Dependency directory rebuilt from unchanged lockfile; numbered vendor copies absent afterward,Not project source; lockfile authoritative,Not canonical package entry,ignored
node_modules/function-bind/package 2.json,B — GENERATED / REBUILDABLE,Removed by npm ci,Dependency directory rebuilt from unchanged lockfile; numbered vendor copies absent afterward,Not project source; lockfile authoritative,Not canonical package entry,ignored
node_modules/function.prototype.name/.editorconfig 2,B — GENERATED / REBUILDABLE,Removed by npm ci,Dependency directory rebuilt from unchanged lockfile; numbered vendor copies absent afterward,Not project source; lockfile authoritative,Not canonical package entry,ignored
node_modules/function.prototype.name/.eslintrc 2,B — GENERATED / REBUILDABLE,Removed by npm ci,Dependency directory rebuilt from unchanged lockfile; numbered vendor copies absent afterward,Not project source; lockfile authoritative,Not canonical package entry,ignored
node_modules/function.prototype.name/.nycrc 2,B — GENERATED / REBUILDABLE,Removed by npm ci,Dependency directory rebuilt from unchanged lockfile; numbered vendor copies absent afterward,Not project source; lockfile authoritative,Not canonical package entry,ignored
node_modules/function.prototype.name/CHANGELOG 2.md,B — GENERATED / REBUILDABLE,Removed by npm ci,Dependency directory rebuilt from unchanged lockfile; numbered vendor copies absent afterward,Not project source; lockfile authoritative,Not canonical package entry,ignored
node_modules/function.prototype.name/LICENSE 2,B — GENERATED / REBUILDABLE,Removed by npm ci,Dependency directory rebuilt from unchanged lockfile; numbered vendor copies absent afterward,Not project source; lockfile authoritative,Not canonical package entry,ignored
node_modules/function.prototype.name/README 2.md,B — GENERATED / REBUILDABLE,Removed by npm ci,Dependency directory rebuilt from unchanged lockfile; numbered vendor copies absent afterward,Not project source; lockfile authoritative,Not canonical package entry,ignored
node_modules/function.prototype.name/auto 2.js,B — GENERATED / REBUILDABLE,Removed by npm ci,Dependency directory rebuilt from unchanged lockfile; numbered vendor copies absent afterward,Not project source; lockfile authoritative,Not canonical package entry,ignored
node_modules/function.prototype.name/implementation 2.js,B — GENERATED / REBUILDABLE,Removed by npm ci,Dependency directory rebuilt from unchanged lockfile; numbered vendor copies absent afterward,Not project source; lockfile authoritative,Not canonical package entry,ignored
node_modules/function.prototype.name/index 2.js,B — GENERATED / REBUILDABLE,Removed by npm ci,Dependency directory rebuilt from unchanged lockfile; numbered vendor copies absent afterward,Not project source; lockfile authoritative,Not canonical package entry,ignored
node_modules/function.prototype.name/package 2.json,B — GENERATED / REBUILDABLE,Removed by npm ci,Dependency directory rebuilt from unchanged lockfile; numbered vendor copies absent afterward,Not project source; lockfile authoritative,Not canonical package entry,ignored
node_modules/function.prototype.name/polyfill 2.js,B — GENERATED / REBUILDABLE,Removed by npm ci,Dependency directory rebuilt from unchanged lockfile; numbered vendor copies absent afterward,Not project source; lockfile authoritative,Not canonical package entry,ignored
node_modules/function.prototype.name/shim 2.js,B — GENERATED / REBUILDABLE,Removed by npm ci,Dependency directory rebuilt from unchanged lockfile; numbered vendor copies absent afterward,Not project source; lockfile authoritative,Not canonical package entry,ignored
node_modules/functions-have-names/.editorconfig 2,B — GENERATED / REBUILDABLE,Removed by npm ci,Dependency directory rebuilt from unchanged lockfile; numbered vendor copies absent afterward,Not project source; lockfile authoritative,Not canonical package entry,ignored
node_modules/functions-have-names/.eslintrc 2,B — GENERATED / REBUILDABLE,Removed by npm ci,Dependency directory rebuilt from unchanged lockfile; numbered vendor copies absent afterward,Not project source; lockfile authoritative,Not canonical package entry,ignored
node_modules/functions-have-names/.nycrc 2,B — GENERATED / REBUILDABLE,Removed by npm ci,Dependency directory rebuilt from unchanged lockfile; numbered vendor copies absent afterward,Not project source; lockfile authoritative,Not canonical package entry,ignored
node_modules/functions-have-names/CHANGELOG 2.md,B — GENERATED / REBUILDABLE,Removed by npm ci,Dependency directory rebuilt from unchanged lockfile; numbered vendor copies absent afterward,Not project source; lockfile authoritative,Not canonical package entry,ignored
node_modules/functions-have-names/LICENSE 2,B — GENERATED / REBUILDABLE,Removed by npm ci,Dependency directory rebuilt from unchanged lockfile; numbered vendor copies absent afterward,Not project source; lockfile authoritative,Not canonical package entry,ignored
node_modules/functions-have-names/README 2.md,B — GENERATED / REBUILDABLE,Removed by npm ci,Dependency directory rebuilt from unchanged lockfile; numbered vendor copies absent afterward,Not project source; lockfile authoritative,Not canonical package entry,ignored
node_modules/functions-have-names/index 2.js,B — GENERATED / REBUILDABLE,Removed by npm ci,Dependency directory rebuilt from unchanged lockfile; numbered vendor copies absent afterward,Not project source; lockfile authoritative,Not canonical package entry,ignored
node_modules/functions-have-names/package 2.json,B — GENERATED / REBUILDABLE,Removed by npm ci,Dependency directory rebuilt from unchanged lockfile; numbered vendor copies absent afterward,Not project source; lockfile authoritative,Not canonical package entry,ignored
node_modules/generator-function/.eslintrc 2,B — GENERATED / REBUILDABLE,Removed by npm ci,Dependency directory rebuilt from unchanged lockfile; numbered vendor copies absent afterward,Not project source; lockfile authoritative,Not canonical package entry,ignored
node_modules/generator-function/.nycrc 2,B — GENERATED / REBUILDABLE,Removed by npm ci,Dependency directory rebuilt from unchanged lockfile; numbered vendor copies absent afterward,Not project source; lockfile authoritative,Not canonical package entry,ignored
node_modules/generator-function/CHANGELOG 2.md,B — GENERATED / REBUILDABLE,Removed by npm ci,Dependency directory rebuilt from unchanged lockfile; numbered vendor copies absent afterward,Not project source; lockfile authoritative,Not canonical package entry,ignored
node_modules/generator-function/LICENSE 2.md,B — GENERATED / REBUILDABLE,Removed by npm ci,Dependency directory rebuilt from unchanged lockfile; numbered vendor copies absent afterward,Not project source; lockfile authoritative,Not canonical package entry,ignored
node_modules/generator-function/README 2.md,B — GENERATED / REBUILDABLE,Removed by npm ci,Dependency directory rebuilt from unchanged lockfile; numbered vendor copies absent afterward,Not project source; lockfile authoritative,Not canonical package entry,ignored
node_modules/generator-function/index 2.js,B — GENERATED / REBUILDABLE,Removed by npm ci,Dependency directory rebuilt from unchanged lockfile; numbered vendor copies absent afterward,Not project source; lockfile authoritative,Not canonical package entry,ignored
node_modules/generator-function/index 2.mjs,B — GENERATED / REBUILDABLE,Removed by npm ci,Dependency directory rebuilt from unchanged lockfile; numbered vendor copies absent afterward,Not project source; lockfile authoritative,Not canonical package entry,ignored
node_modules/generator-function/index.d 2.mts,B — GENERATED / REBUILDABLE,Removed by npm ci,Dependency directory rebuilt from unchanged lockfile; numbered vendor copies absent afterward,Not project source; lockfile authoritative,Not canonical package entry,ignored
node_modules/generator-function/index.d 2.ts,B — GENERATED / REBUILDABLE,Removed by npm ci,Dependency directory rebuilt from unchanged lockfile; numbered vendor copies absent afterward,Not project source; lockfile authoritative,Not canonical package entry,ignored
node_modules/generator-function/legacy 2.js,B — GENERATED / REBUILDABLE,Removed by npm ci,Dependency directory rebuilt from unchanged lockfile; numbered vendor copies absent afterward,Not project source; lockfile authoritative,Not canonical package entry,ignored
node_modules/generator-function/package 2.json,B — GENERATED / REBUILDABLE,Removed by npm ci,Dependency directory rebuilt from unchanged lockfile; numbered vendor copies absent afterward,Not project source; lockfile authoritative,Not canonical package entry,ignored
node_modules/generator-function/require 2.mjs,B — GENERATED / REBUILDABLE,Removed by npm ci,Dependency directory rebuilt from unchanged lockfile; numbered vendor copies absent afterward,Not project source; lockfile authoritative,Not canonical package entry,ignored
node_modules/generator-function/tsconfig 2.json,B — GENERATED / REBUILDABLE,Removed by npm ci,Dependency directory rebuilt from unchanged lockfile; numbered vendor copies absent afterward,Not project source; lockfile authoritative,Not canonical package entry,ignored
node_modules/get-intrinsic/.eslintrc 2,B — GENERATED / REBUILDABLE,Removed by npm ci,Dependency directory rebuilt from unchanged lockfile; numbered vendor copies absent afterward,Not project source; lockfile authoritative,Not canonical package entry,ignored
node_modules/get-intrinsic/.nycrc 2,B — GENERATED / REBUILDABLE,Removed by npm ci,Dependency directory rebuilt from unchanged lockfile; numbered vendor copies absent afterward,Not project source; lockfile authoritative,Not canonical package entry,ignored
node_modules/get-intrinsic/CHANGELOG 2.md,B — GENERATED / REBUILDABLE,Removed by npm ci,Dependency directory rebuilt from unchanged lockfile; numbered vendor copies absent afterward,Not project source; lockfile authoritative,Not canonical package entry,ignored
node_modules/get-intrinsic/LICENSE 2,B — GENERATED / REBUILDABLE,Removed by npm ci,Dependency directory rebuilt from unchanged lockfile; numbered vendor copies absent afterward,Not project source; lockfile authoritative,Not canonical package entry,ignored
node_modules/get-intrinsic/README 2.md,B — GENERATED / REBUILDABLE,Removed by npm ci,Dependency directory rebuilt from unchanged lockfile; numbered vendor copies absent afterward,Not project source; lockfile authoritative,Not canonical package entry,ignored
node_modules/get-intrinsic/index 2.js,B — GENERATED / REBUILDABLE,Removed by npm ci,Dependency directory rebuilt from unchanged lockfile; numbered vendor copies absent afterward,Not project source; lockfile authoritative,Not canonical package entry,ignored
node_modules/get-intrinsic/package 2.json,B — GENERATED / REBUILDABLE,Removed by npm ci,Dependency directory rebuilt from unchanged lockfile; numbered vendor copies absent afterward,Not project source; lockfile authoritative,Not canonical package entry,ignored
node_modules/get-proto/.eslintrc 2,B — GENERATED / REBUILDABLE,Removed by npm ci,Dependency directory rebuilt from unchanged lockfile; numbered vendor copies absent afterward,Not project source; lockfile authoritative,Not canonical package entry,ignored
node_modules/get-proto/.nycrc 2,B — GENERATED / REBUILDABLE,Removed by npm ci,Dependency directory rebuilt from unchanged lockfile; numbered vendor copies absent afterward,Not project source; lockfile authoritative,Not canonical package entry,ignored
node_modules/get-proto/CHANGELOG 2.md,B — GENERATED / REBUILDABLE,Removed by npm ci,Dependency directory rebuilt from unchanged lockfile; numbered vendor copies absent afterward,Not project source; lockfile authoritative,Not canonical package entry,ignored
node_modules/get-proto/LICENSE 2,B — GENERATED / REBUILDABLE,Removed by npm ci,Dependency directory rebuilt from unchanged lockfile; numbered vendor copies absent afterward,Not project source; lockfile authoritative,Not canonical package entry,ignored
node_modules/get-proto/Object.getPrototypeOf 2.js,B — GENERATED / REBUILDABLE,Removed by npm ci,Dependency directory rebuilt from unchanged lockfile; numbered vendor copies absent afterward,Not project source; lockfile authoritative,Not canonical package entry,ignored
node_modules/get-proto/Object.getPrototypeOf.d 2.ts,B — GENERATED / REBUILDABLE,Removed by npm ci,Dependency directory rebuilt from unchanged lockfile; numbered vendor copies absent afterward,Not project source; lockfile authoritative,Not canonical package entry,ignored
node_modules/get-proto/README 2.md,B — GENERATED / REBUILDABLE,Removed by npm ci,Dependency directory rebuilt from unchanged lockfile; numbered vendor copies absent afterward,Not project source; lockfile authoritative,Not canonical package entry,ignored
node_modules/get-proto/Reflect.getPrototypeOf 2.js,B — GENERATED / REBUILDABLE,Removed by npm ci,Dependency directory rebuilt from unchanged lockfile; numbered vendor copies absent afterward,Not project source; lockfile authoritative,Not canonical package entry,ignored
node_modules/get-proto/Reflect.getPrototypeOf.d 2.ts,B — GENERATED / REBUILDABLE,Removed by npm ci,Dependency directory rebuilt from unchanged lockfile; numbered vendor copies absent afterward,Not project source; lockfile authoritative,Not canonical package entry,ignored
node_modules/get-proto/index 2.js,B — GENERATED / REBUILDABLE,Removed by npm ci,Dependency directory rebuilt from unchanged lockfile; numbered vendor copies absent afterward,Not project source; lockfile authoritative,Not canonical package entry,ignored
node_modules/get-proto/index.d 2.ts,B — GENERATED / REBUILDABLE,Removed by npm ci,Dependency directory rebuilt from unchanged lockfile; numbered vendor copies absent afterward,Not project source; lockfile authoritative,Not canonical package entry,ignored
node_modules/get-proto/package 2.json,B — GENERATED / REBUILDABLE,Removed by npm ci,Dependency directory rebuilt from unchanged lockfile; numbered vendor copies absent afterward,Not project source; lockfile authoritative,Not canonical package entry,ignored
node_modules/get-proto/tsconfig 2.json,B — GENERATED / REBUILDABLE,Removed by npm ci,Dependency directory rebuilt from unchanged lockfile; numbered vendor copies absent afterward,Not project source; lockfile authoritative,Not canonical package entry,ignored
node_modules/get-symbol-description/.eslintrc 2,B — GENERATED / REBUILDABLE,Removed by npm ci,Dependency directory rebuilt from unchanged lockfile; numbered vendor copies absent afterward,Not project source; lockfile authoritative,Not canonical package entry,ignored
node_modules/get-symbol-description/.nycrc 2,B — GENERATED / REBUILDABLE,Removed by npm ci,Dependency directory rebuilt from unchanged lockfile; numbered vendor copies absent afterward,Not project source; lockfile authoritative,Not canonical package entry,ignored
node_modules/get-symbol-description/CHANGELOG 2.md,B — GENERATED / REBUILDABLE,Removed by npm ci,Dependency directory rebuilt from unchanged lockfile; numbered vendor copies absent afterward,Not project source; lockfile authoritative,Not canonical package entry,ignored
node_modules/get-symbol-description/LICENSE 2,B — GENERATED / REBUILDABLE,Removed by npm ci,Dependency directory rebuilt from unchanged lockfile; numbered vendor copies absent afterward,Not project source; lockfile authoritative,Not canonical package entry,ignored
node_modules/get-symbol-description/README 2.md,B — GENERATED / REBUILDABLE,Removed by npm ci,Dependency directory rebuilt from unchanged lockfile; numbered vendor copies absent afterward,Not project source; lockfile authoritative,Not canonical package entry,ignored
node_modules/get-symbol-description/getInferredName 2.js,B — GENERATED / REBUILDABLE,Removed by npm ci,Dependency directory rebuilt from unchanged lockfile; numbered vendor copies absent afterward,Not project source; lockfile authoritative,Not canonical package entry,ignored
node_modules/get-symbol-description/getInferredName.d 2.ts,B — GENERATED / REBUILDABLE,Removed by npm ci,Dependency directory rebuilt from unchanged lockfile; numbered vendor copies absent afterward,Not project source; lockfile authoritative,Not canonical package entry,ignored
node_modules/get-symbol-description/index 2.js,B — GENERATED / REBUILDABLE,Removed by npm ci,Dependency directory rebuilt from unchanged lockfile; numbered vendor copies absent afterward,Not project source; lockfile authoritative,Not canonical package entry,ignored
node_modules/get-symbol-description/index.d 2.ts,B — GENERATED / REBUILDABLE,Removed by npm ci,Dependency directory rebuilt from unchanged lockfile; numbered vendor copies absent afterward,Not project source; lockfile authoritative,Not canonical package entry,ignored
node_modules/get-symbol-description/package 2.json,B — GENERATED / REBUILDABLE,Removed by npm ci,Dependency directory rebuilt from unchanged lockfile; numbered vendor copies absent afterward,Not project source; lockfile authoritative,Not canonical package entry,ignored
node_modules/get-symbol-description/tsconfig 2.json,B — GENERATED / REBUILDABLE,Removed by npm ci,Dependency directory rebuilt from unchanged lockfile; numbered vendor copies absent afterward,Not project source; lockfile authoritative,Not canonical package entry,ignored
node_modules/get-tsconfig/LICENSE 2,B — GENERATED / REBUILDABLE,Removed by npm ci,Dependency directory rebuilt from unchanged lockfile; numbered vendor copies absent afterward,Not project source; lockfile authoritative,Not canonical package entry,ignored
node_modules/get-tsconfig/README 2.md,B — GENERATED / REBUILDABLE,Removed by npm ci,Dependency directory rebuilt from unchanged lockfile; numbered vendor copies absent afterward,Not project source; lockfile authoritative,Not canonical package entry,ignored
node_modules/get-tsconfig/package 2.json,B — GENERATED / REBUILDABLE,Removed by npm ci,Dependency directory rebuilt from unchanged lockfile; numbered vendor copies absent afterward,Not project source; lockfile authoritative,Not canonical package entry,ignored
node_modules/glob-parent/LICENSE 2,B — GENERATED / REBUILDABLE,Removed by npm ci,Dependency directory rebuilt from unchanged lockfile; numbered vendor copies absent afterward,Not project source; lockfile authoritative,Not canonical package entry,ignored
node_modules/glob-parent/README 2.md,B — GENERATED / REBUILDABLE,Removed by npm ci,Dependency directory rebuilt from unchanged lockfile; numbered vendor copies absent afterward,Not project source; lockfile authoritative,Not canonical package entry,ignored
node_modules/glob-parent/index 2.js,B — GENERATED / REBUILDABLE,Removed by npm ci,Dependency directory rebuilt from unchanged lockfile; numbered vendor copies absent afterward,Not project source; lockfile authoritative,Not canonical package entry,ignored
node_modules/glob-parent/package 2.json,B — GENERATED / REBUILDABLE,Removed by npm ci,Dependency directory rebuilt from unchanged lockfile; numbered vendor copies absent afterward,Not project source; lockfile authoritative,Not canonical package entry,ignored
node_modules/globals/globals 2.json,B — GENERATED / REBUILDABLE,Removed by npm ci,Dependency directory rebuilt from unchanged lockfile; numbered vendor copies absent afterward,Not project source; lockfile authoritative,Not canonical package entry,ignored
node_modules/globals/index 2.js,B — GENERATED / REBUILDABLE,Removed by npm ci,Dependency directory rebuilt from unchanged lockfile; numbered vendor copies absent afterward,Not project source; lockfile authoritative,Not canonical package entry,ignored
node_modules/globals/index.d 2.ts,B — GENERATED / REBUILDABLE,Removed by npm ci,Dependency directory rebuilt from unchanged lockfile; numbered vendor copies absent afterward,Not project source; lockfile authoritative,Not canonical package entry,ignored
node_modules/globals/license 2,B — GENERATED / REBUILDABLE,Removed by npm ci,Dependency directory rebuilt from unchanged lockfile; numbered vendor copies absent afterward,Not project source; lockfile authoritative,Not canonical package entry,ignored
node_modules/globals/package 2.json,B — GENERATED / REBUILDABLE,Removed by npm ci,Dependency directory rebuilt from unchanged lockfile; numbered vendor copies absent afterward,Not project source; lockfile authoritative,Not canonical package entry,ignored
node_modules/globals/readme 2.md,B — GENERATED / REBUILDABLE,Removed by npm ci,Dependency directory rebuilt from unchanged lockfile; numbered vendor copies absent afterward,Not project source; lockfile authoritative,Not canonical package entry,ignored
node_modules/globalthis/.eslintrc 2,B — GENERATED / REBUILDABLE,Removed by npm ci,Dependency directory rebuilt from unchanged lockfile; numbered vendor copies absent afterward,Not project source; lockfile authoritative,Not canonical package entry,ignored
node_modules/globalthis/.nycrc 2,B — GENERATED / REBUILDABLE,Removed by npm ci,Dependency directory rebuilt from unchanged lockfile; numbered vendor copies absent afterward,Not project source; lockfile authoritative,Not canonical package entry,ignored
node_modules/globalthis/CHANGELOG 2.md,B — GENERATED / REBUILDABLE,Removed by npm ci,Dependency directory rebuilt from unchanged lockfile; numbered vendor copies absent afterward,Not project source; lockfile authoritative,Not canonical package entry,ignored
node_modules/globalthis/LICENSE 2,B — GENERATED / REBUILDABLE,Removed by npm ci,Dependency directory rebuilt from unchanged lockfile; numbered vendor copies absent afterward,Not project source; lockfile authoritative,Not canonical package entry,ignored
node_modules/globalthis/README 2.md,B — GENERATED / REBUILDABLE,Removed by npm ci,Dependency directory rebuilt from unchanged lockfile; numbered vendor copies absent afterward,Not project source; lockfile authoritative,Not canonical package entry,ignored
node_modules/globalthis/auto 2.js,B — GENERATED / REBUILDABLE,Removed by npm ci,Dependency directory rebuilt from unchanged lockfile; numbered vendor copies absent afterward,Not project source; lockfile authoritative,Not canonical package entry,ignored
node_modules/globalthis/implementation 2.js,B — GENERATED / REBUILDABLE,Removed by npm ci,Dependency directory rebuilt from unchanged lockfile; numbered vendor copies absent afterward,Not project source; lockfile authoritative,Not canonical package entry,ignored
node_modules/globalthis/implementation.browser 2.js,B — GENERATED / REBUILDABLE,Removed by npm ci,Dependency directory rebuilt from unchanged lockfile; numbered vendor copies absent afterward,Not project source; lockfile authoritative,Not canonical package entry,ignored
node_modules/globalthis/index 2.js,B — GENERATED / REBUILDABLE,Removed by npm ci,Dependency directory rebuilt from unchanged lockfile; numbered vendor copies absent afterward,Not project source; lockfile authoritative,Not canonical package entry,ignored
node_modules/globalthis/package 2.json,B — GENERATED / REBUILDABLE,Removed by npm ci,Dependency directory rebuilt from unchanged lockfile; numbered vendor copies absent afterward,Not project source; lockfile authoritative,Not canonical package entry,ignored
node_modules/globalthis/polyfill 2.js,B — GENERATED / REBUILDABLE,Removed by npm ci,Dependency directory rebuilt from unchanged lockfile; numbered vendor copies absent afterward,Not project source; lockfile authoritative,Not canonical package entry,ignored
node_modules/globalthis/shim 2.js,B — GENERATED / REBUILDABLE,Removed by npm ci,Dependency directory rebuilt from unchanged lockfile; numbered vendor copies absent afterward,Not project source; lockfile authoritative,Not canonical package entry,ignored
node_modules/gopd/.eslintrc 2,B — GENERATED / REBUILDABLE,Removed by npm ci,Dependency directory rebuilt from unchanged lockfile; numbered vendor copies absent afterward,Not project source; lockfile authoritative,Not canonical package entry,ignored
node_modules/gopd/CHANGELOG 2.md,B — GENERATED / REBUILDABLE,Removed by npm ci,Dependency directory rebuilt from unchanged lockfile; numbered vendor copies absent afterward,Not project source; lockfile authoritative,Not canonical package entry,ignored
node_modules/gopd/LICENSE 2,B — GENERATED / REBUILDABLE,Removed by npm ci,Dependency directory rebuilt from unchanged lockfile; numbered vendor copies absent afterward,Not project source; lockfile authoritative,Not canonical package entry,ignored
node_modules/gopd/README 2.md,B — GENERATED / REBUILDABLE,Removed by npm ci,Dependency directory rebuilt from unchanged lockfile; numbered vendor copies absent afterward,Not project source; lockfile authoritative,Not canonical package entry,ignored
node_modules/gopd/gOPD 2.js,B — GENERATED / REBUILDABLE,Removed by npm ci,Dependency directory rebuilt from unchanged lockfile; numbered vendor copies absent afterward,Not project source; lockfile authoritative,Not canonical package entry,ignored
node_modules/gopd/gOPD.d 2.ts,B — GENERATED / REBUILDABLE,Removed by npm ci,Dependency directory rebuilt from unchanged lockfile; numbered vendor copies absent afterward,Not project source; lockfile authoritative,Not canonical package entry,ignored
node_modules/gopd/index 2.js,B — GENERATED / REBUILDABLE,Removed by npm ci,Dependency directory rebuilt from unchanged lockfile; numbered vendor copies absent afterward,Not project source; lockfile authoritative,Not canonical package entry,ignored
node_modules/gopd/index.d 2.ts,B — GENERATED / REBUILDABLE,Removed by npm ci,Dependency directory rebuilt from unchanged lockfile; numbered vendor copies absent afterward,Not project source; lockfile authoritative,Not canonical package entry,ignored
node_modules/gopd/package 2.json,B — GENERATED / REBUILDABLE,Removed by npm ci,Dependency directory rebuilt from unchanged lockfile; numbered vendor copies absent afterward,Not project source; lockfile authoritative,Not canonical package entry,ignored
node_modules/gopd/tsconfig 2.json,B — GENERATED / REBUILDABLE,Removed by npm ci,Dependency directory rebuilt from unchanged lockfile; numbered vendor copies absent afterward,Not project source; lockfile authoritative,Not canonical package entry,ignored
node_modules/has-bigints/.eslintrc 2,B — GENERATED / REBUILDABLE,Removed by npm ci,Dependency directory rebuilt from unchanged lockfile; numbered vendor copies absent afterward,Not project source; lockfile authoritative,Not canonical package entry,ignored
node_modules/has-bigints/.nycrc 2,B — GENERATED / REBUILDABLE,Removed by npm ci,Dependency directory rebuilt from unchanged lockfile; numbered vendor copies absent afterward,Not project source; lockfile authoritative,Not canonical package entry,ignored
node_modules/has-bigints/CHANGELOG 2.md,B — GENERATED / REBUILDABLE,Removed by npm ci,Dependency directory rebuilt from unchanged lockfile; numbered vendor copies absent afterward,Not project source; lockfile authoritative,Not canonical package entry,ignored
node_modules/has-bigints/LICENSE 2,B — GENERATED / REBUILDABLE,Removed by npm ci,Dependency directory rebuilt from unchanged lockfile; numbered vendor copies absent afterward,Not project source; lockfile authoritative,Not canonical package entry,ignored
node_modules/has-bigints/README 2.md,B — GENERATED / REBUILDABLE,Removed by npm ci,Dependency directory rebuilt from unchanged lockfile; numbered vendor copies absent afterward,Not project source; lockfile authoritative,Not canonical package entry,ignored
node_modules/has-bigints/index 2.js,B — GENERATED / REBUILDABLE,Removed by npm ci,Dependency directory rebuilt from unchanged lockfile; numbered vendor copies absent afterward,Not project source; lockfile authoritative,Not canonical package entry,ignored
node_modules/has-bigints/index.d 2.ts,B — GENERATED / REBUILDABLE,Removed by npm ci,Dependency directory rebuilt from unchanged lockfile; numbered vendor copies absent afterward,Not project source; lockfile authoritative,Not canonical package entry,ignored
node_modules/has-bigints/package 2.json,B — GENERATED / REBUILDABLE,Removed by npm ci,Dependency directory rebuilt from unchanged lockfile; numbered vendor copies absent afterward,Not project source; lockfile authoritative,Not canonical package entry,ignored
node_modules/has-bigints/tsconfig 2.json,B — GENERATED / REBUILDABLE,Removed by npm ci,Dependency directory rebuilt from unchanged lockfile; numbered vendor copies absent afterward,Not project source; lockfile authoritative,Not canonical package entry,ignored
node_modules/has-flag/index 2.js,B — GENERATED / REBUILDABLE,Removed by npm ci,Dependency directory rebuilt from unchanged lockfile; numbered vendor copies absent afterward,Not project source; lockfile authoritative,Not canonical package entry,ignored
node_modules/has-flag/index.d 2.ts,B — GENERATED / REBUILDABLE,Removed by npm ci,Dependency directory rebuilt from unchanged lockfile; numbered vendor copies absent afterward,Not project source; lockfile authoritative,Not canonical package entry,ignored
node_modules/has-flag/license 2,B — GENERATED / REBUILDABLE,Removed by npm ci,Dependency directory rebuilt from unchanged lockfile; numbered vendor copies absent afterward,Not project source; lockfile authoritative,Not canonical package entry,ignored
node_modules/has-flag/package 2.json,B — GENERATED / REBUILDABLE,Removed by npm ci,Dependency directory rebuilt from unchanged lockfile; numbered vendor copies absent afterward,Not project source; lockfile authoritative,Not canonical package entry,ignored
node_modules/has-flag/readme 2.md,B — GENERATED / REBUILDABLE,Removed by npm ci,Dependency directory rebuilt from unchanged lockfile; numbered vendor copies absent afterward,Not project source; lockfile authoritative,Not canonical package entry,ignored
node_modules/has-property-descriptors/.eslintrc 2,B — GENERATED / REBUILDABLE,Removed by npm ci,Dependency directory rebuilt from unchanged lockfile; numbered vendor copies absent afterward,Not project source; lockfile authoritative,Not canonical package entry,ignored
node_modules/has-property-descriptors/.nycrc 2,B — GENERATED / REBUILDABLE,Removed by npm ci,Dependency directory rebuilt from unchanged lockfile; numbered vendor copies absent afterward,Not project source; lockfile authoritative,Not canonical package entry,ignored
node_modules/has-property-descriptors/CHANGELOG 2.md,B — GENERATED / REBUILDABLE,Removed by npm ci,Dependency directory rebuilt from unchanged lockfile; numbered vendor copies absent afterward,Not project source; lockfile authoritative,Not canonical package entry,ignored
node_modules/has-property-descriptors/LICENSE 2,B — GENERATED / REBUILDABLE,Removed by npm ci,Dependency directory rebuilt from unchanged lockfile; numbered vendor copies absent afterward,Not project source; lockfile authoritative,Not canonical package entry,ignored
node_modules/has-property-descriptors/README 2.md,B — GENERATED / REBUILDABLE,Removed by npm ci,Dependency directory rebuilt from unchanged lockfile; numbered vendor copies absent afterward,Not project source; lockfile authoritative,Not canonical package entry,ignored
node_modules/has-property-descriptors/index 2.js,B — GENERATED / REBUILDABLE,Removed by npm ci,Dependency directory rebuilt from unchanged lockfile; numbered vendor copies absent afterward,Not project source; lockfile authoritative,Not canonical package entry,ignored
node_modules/has-property-descriptors/package 2.json,B — GENERATED / REBUILDABLE,Removed by npm ci,Dependency directory rebuilt from unchanged lockfile; numbered vendor copies absent afterward,Not project source; lockfile authoritative,Not canonical package entry,ignored
node_modules/has-proto/.eslintrc 2,B — GENERATED / REBUILDABLE,Removed by npm ci,Dependency directory rebuilt from unchanged lockfile; numbered vendor copies absent afterward,Not project source; lockfile authoritative,Not canonical package entry,ignored
node_modules/has-proto/CHANGELOG 2.md,B — GENERATED / REBUILDABLE,Removed by npm ci,Dependency directory rebuilt from unchanged lockfile; numbered vendor copies absent afterward,Not project source; lockfile authoritative,Not canonical package entry,ignored
node_modules/has-proto/LICENSE 2,B — GENERATED / REBUILDABLE,Removed by npm ci,Dependency directory rebuilt from unchanged lockfile; numbered vendor copies absent afterward,Not project source; lockfile authoritative,Not canonical package entry,ignored
node_modules/has-proto/README 2.md,B — GENERATED / REBUILDABLE,Removed by npm ci,Dependency directory rebuilt from unchanged lockfile; numbered vendor copies absent afterward,Not project source; lockfile authoritative,Not canonical package entry,ignored
node_modules/has-proto/accessor 2.js,B — GENERATED / REBUILDABLE,Removed by npm ci,Dependency directory rebuilt from unchanged lockfile; numbered vendor copies absent afterward,Not project source; lockfile authoritative,Not canonical package entry,ignored
node_modules/has-proto/accessor.d 2.ts,B — GENERATED / REBUILDABLE,Removed by npm ci,Dependency directory rebuilt from unchanged lockfile; numbered vendor copies absent afterward,Not project source; lockfile authoritative,Not canonical package entry,ignored
node_modules/has-proto/index 2.js,B — GENERATED / REBUILDABLE,Removed by npm ci,Dependency directory rebuilt from unchanged lockfile; numbered vendor copies absent afterward,Not project source; lockfile authoritative,Not canonical package entry,ignored
node_modules/has-proto/index.d 2.ts,B — GENERATED / REBUILDABLE,Removed by npm ci,Dependency directory rebuilt from unchanged lockfile; numbered vendor copies absent afterward,Not project source; lockfile authoritative,Not canonical package entry,ignored
node_modules/has-proto/mutator 2.js,B — GENERATED / REBUILDABLE,Removed by npm ci,Dependency directory rebuilt from unchanged lockfile; numbered vendor copies absent afterward,Not project source; lockfile authoritative,Not canonical package entry,ignored
node_modules/has-proto/mutator.d 2.ts,B — GENERATED / REBUILDABLE,Removed by npm ci,Dependency directory rebuilt from unchanged lockfile; numbered vendor copies absent afterward,Not project source; lockfile authoritative,Not canonical package entry,ignored
node_modules/has-proto/package 2.json,B — GENERATED / REBUILDABLE,Removed by npm ci,Dependency directory rebuilt from unchanged lockfile; numbered vendor copies absent afterward,Not project source; lockfile authoritative,Not canonical package entry,ignored
node_modules/has-proto/tsconfig 2.json,B — GENERATED / REBUILDABLE,Removed by npm ci,Dependency directory rebuilt from unchanged lockfile; numbered vendor copies absent afterward,Not project source; lockfile authoritative,Not canonical package entry,ignored
node_modules/has-symbols/.eslintrc 2,B — GENERATED / REBUILDABLE,Removed by npm ci,Dependency directory rebuilt from unchanged lockfile; numbered vendor copies absent afterward,Not project source; lockfile authoritative,Not canonical package entry,ignored
node_modules/has-symbols/.nycrc 2,B — GENERATED / REBUILDABLE,Removed by npm ci,Dependency directory rebuilt from unchanged lockfile; numbered vendor copies absent afterward,Not project source; lockfile authoritative,Not canonical package entry,ignored
node_modules/has-symbols/CHANGELOG 2.md,B — GENERATED / REBUILDABLE,Removed by npm ci,Dependency directory rebuilt from unchanged lockfile; numbered vendor copies absent afterward,Not project source; lockfile authoritative,Not canonical package entry,ignored
node_modules/has-symbols/LICENSE 2,B — GENERATED / REBUILDABLE,Removed by npm ci,Dependency directory rebuilt from unchanged lockfile; numbered vendor copies absent afterward,Not project source; lockfile authoritative,Not canonical package entry,ignored
node_modules/has-symbols/README 2.md,B — GENERATED / REBUILDABLE,Removed by npm ci,Dependency directory rebuilt from unchanged lockfile; numbered vendor copies absent afterward,Not project source; lockfile authoritative,Not canonical package entry,ignored
node_modules/has-symbols/index 2.js,B — GENERATED / REBUILDABLE,Removed by npm ci,Dependency directory rebuilt from unchanged lockfile; numbered vendor copies absent afterward,Not project source; lockfile authoritative,Not canonical package entry,ignored
node_modules/has-symbols/index.d 2.ts,B — GENERATED / REBUILDABLE,Removed by npm ci,Dependency directory rebuilt from unchanged lockfile; numbered vendor copies absent afterward,Not project source; lockfile authoritative,Not canonical package entry,ignored
node_modules/has-symbols/package 2.json,B — GENERATED / REBUILDABLE,Removed by npm ci,Dependency directory rebuilt from unchanged lockfile; numbered vendor copies absent afterward,Not project source; lockfile authoritative,Not canonical package entry,ignored
node_modules/has-symbols/shams 2.js,B — GENERATED / REBUILDABLE,Removed by npm ci,Dependency directory rebuilt from unchanged lockfile; numbered vendor copies absent afterward,Not project source; lockfile authoritative,Not canonical package entry,ignored
node_modules/has-symbols/shams.d 2.ts,B — GENERATED / REBUILDABLE,Removed by npm ci,Dependency directory rebuilt from unchanged lockfile; numbered vendor copies absent afterward,Not project source; lockfile authoritative,Not canonical package entry,ignored
node_modules/has-symbols/tsconfig 2.json,B — GENERATED / REBUILDABLE,Removed by npm ci,Dependency directory rebuilt from unchanged lockfile; numbered vendor copies absent afterward,Not project source; lockfile authoritative,Not canonical package entry,ignored
node_modules/has-tostringtag/.eslintrc 2,B — GENERATED / REBUILDABLE,Removed by npm ci,Dependency directory rebuilt from unchanged lockfile; numbered vendor copies absent afterward,Not project source; lockfile authoritative,Not canonical package entry,ignored
node_modules/has-tostringtag/.nycrc 2,B — GENERATED / REBUILDABLE,Removed by npm ci,Dependency directory rebuilt from unchanged lockfile; numbered vendor copies absent afterward,Not project source; lockfile authoritative,Not canonical package entry,ignored
node_modules/has-tostringtag/CHANGELOG 2.md,B — GENERATED / REBUILDABLE,Removed by npm ci,Dependency directory rebuilt from unchanged lockfile; numbered vendor copies absent afterward,Not project source; lockfile authoritative,Not canonical package entry,ignored
node_modules/has-tostringtag/LICENSE 2,B — GENERATED / REBUILDABLE,Removed by npm ci,Dependency directory rebuilt from unchanged lockfile; numbered vendor copies absent afterward,Not project source; lockfile authoritative,Not canonical package entry,ignored
node_modules/has-tostringtag/README 2.md,B — GENERATED / REBUILDABLE,Removed by npm ci,Dependency directory rebuilt from unchanged lockfile; numbered vendor copies absent afterward,Not project source; lockfile authoritative,Not canonical package entry,ignored
node_modules/has-tostringtag/index 2.js,B — GENERATED / REBUILDABLE,Removed by npm ci,Dependency directory rebuilt from unchanged lockfile; numbered vendor copies absent afterward,Not project source; lockfile authoritative,Not canonical package entry,ignored
node_modules/has-tostringtag/index.d 2.ts,B — GENERATED / REBUILDABLE,Removed by npm ci,Dependency directory rebuilt from unchanged lockfile; numbered vendor copies absent afterward,Not project source; lockfile authoritative,Not canonical package entry,ignored
node_modules/has-tostringtag/package 2.json,B — GENERATED / REBUILDABLE,Removed by npm ci,Dependency directory rebuilt from unchanged lockfile; numbered vendor copies absent afterward,Not project source; lockfile authoritative,Not canonical package entry,ignored
node_modules/has-tostringtag/shams 2.js,B — GENERATED / REBUILDABLE,Removed by npm ci,Dependency directory rebuilt from unchanged lockfile; numbered vendor copies absent afterward,Not project source; lockfile authoritative,Not canonical package entry,ignored
node_modules/has-tostringtag/shams.d 2.ts,B — GENERATED / REBUILDABLE,Removed by npm ci,Dependency directory rebuilt from unchanged lockfile; numbered vendor copies absent afterward,Not project source; lockfile authoritative,Not canonical package entry,ignored
node_modules/has-tostringtag/tsconfig 2.json,B — GENERATED / REBUILDABLE,Removed by npm ci,Dependency directory rebuilt from unchanged lockfile; numbered vendor copies absent afterward,Not project source; lockfile authoritative,Not canonical package entry,ignored
node_modules/husky/LICENSE 2,B — GENERATED / REBUILDABLE,Removed by npm ci,Dependency directory rebuilt from unchanged lockfile; numbered vendor copies absent afterward,Not project source; lockfile authoritative,Not canonical package entry,ignored
node_modules/husky/README 2.md,B — GENERATED / REBUILDABLE,Removed by npm ci,Dependency directory rebuilt from unchanged lockfile; numbered vendor copies absent afterward,Not project source; lockfile authoritative,Not canonical package entry,ignored
node_modules/husky/bin 2.js,B — GENERATED / REBUILDABLE,Removed by npm ci,Dependency directory rebuilt from unchanged lockfile; numbered vendor copies absent afterward,Not project source; lockfile authoritative,Not canonical package entry,ignored
node_modules/husky/husky 2,B — GENERATED / REBUILDABLE,Removed by npm ci,Dependency directory rebuilt from unchanged lockfile; numbered vendor copies absent afterward,Not project source; lockfile authoritative,Not canonical package entry,ignored
node_modules/husky/index 2.js,B — GENERATED / REBUILDABLE,Removed by npm ci,Dependency directory rebuilt from unchanged lockfile; numbered vendor copies absent afterward,Not project source; lockfile authoritative,Not canonical package entry,ignored
node_modules/husky/index.d 2.ts,B — GENERATED / REBUILDABLE,Removed by npm ci,Dependency directory rebuilt from unchanged lockfile; numbered vendor copies absent afterward,Not project source; lockfile authoritative,Not canonical package entry,ignored
node_modules/husky/package 2.json,B — GENERATED / REBUILDABLE,Removed by npm ci,Dependency directory rebuilt from unchanged lockfile; numbered vendor copies absent afterward,Not project source; lockfile authoritative,Not canonical package entry,ignored
node_modules/ignore/LICENSE-MIT 2,B — GENERATED / REBUILDABLE,Removed by npm ci,Dependency directory rebuilt from unchanged lockfile; numbered vendor copies absent afterward,Not project source; lockfile authoritative,Not canonical package entry,ignored
node_modules/ignore/README 2.md,B — GENERATED / REBUILDABLE,Removed by npm ci,Dependency directory rebuilt from unchanged lockfile; numbered vendor copies absent afterward,Not project source; lockfile authoritative,Not canonical package entry,ignored
node_modules/ignore/index 2.js,B — GENERATED / REBUILDABLE,Removed by npm ci,Dependency directory rebuilt from unchanged lockfile; numbered vendor copies absent afterward,Not project source; lockfile authoritative,Not canonical package entry,ignored
node_modules/ignore/index.d 2.ts,B — GENERATED / REBUILDABLE,Removed by npm ci,Dependency directory rebuilt from unchanged lockfile; numbered vendor copies absent afterward,Not project source; lockfile authoritative,Not canonical package entry,ignored
node_modules/ignore/legacy 2.js,B — GENERATED / REBUILDABLE,Removed by npm ci,Dependency directory rebuilt from unchanged lockfile; numbered vendor copies absent afterward,Not project source; lockfile authoritative,Not canonical package entry,ignored
node_modules/ignore/package 2.json,B — GENERATED / REBUILDABLE,Removed by npm ci,Dependency directory rebuilt from unchanged lockfile; numbered vendor copies absent afterward,Not project source; lockfile authoritative,Not canonical package entry,ignored
node_modules/import-fresh/index 2.js,B — GENERATED / REBUILDABLE,Removed by npm ci,Dependency directory rebuilt from unchanged lockfile; numbered vendor copies absent afterward,Not project source; lockfile authoritative,Not canonical package entry,ignored
node_modules/import-fresh/index.d 2.ts,B — GENERATED / REBUILDABLE,Removed by npm ci,Dependency directory rebuilt from unchanged lockfile; numbered vendor copies absent afterward,Not project source; lockfile authoritative,Not canonical package entry,ignored
node_modules/import-fresh/license 2,B — GENERATED / REBUILDABLE,Removed by npm ci,Dependency directory rebuilt from unchanged lockfile; numbered vendor copies absent afterward,Not project source; lockfile authoritative,Not canonical package entry,ignored
node_modules/import-fresh/package 2.json,B — GENERATED / REBUILDABLE,Removed by npm ci,Dependency directory rebuilt from unchanged lockfile; numbered vendor copies absent afterward,Not project source; lockfile authoritative,Not canonical package entry,ignored
node_modules/import-fresh/readme 2.md,B — GENERATED / REBUILDABLE,Removed by npm ci,Dependency directory rebuilt from unchanged lockfile; numbered vendor copies absent afterward,Not project source; lockfile authoritative,Not canonical package entry,ignored
node_modules/imurmurhash/README 2.md,B — GENERATED / REBUILDABLE,Removed by npm ci,Dependency directory rebuilt from unchanged lockfile; numbered vendor copies absent afterward,Not project source; lockfile authoritative,Not canonical package entry,ignored
node_modules/imurmurhash/imurmurhash 2.js,B — GENERATED / REBUILDABLE,Removed by npm ci,Dependency directory rebuilt from unchanged lockfile; numbered vendor copies absent afterward,Not project source; lockfile authoritative,Not canonical package entry,ignored
node_modules/imurmurhash/imurmurhash.min 2.js,B — GENERATED / REBUILDABLE,Removed by npm ci,Dependency directory rebuilt from unchanged lockfile; numbered vendor copies absent afterward,Not project source; lockfile authoritative,Not canonical package entry,ignored
node_modules/imurmurhash/package 2.json,B — GENERATED / REBUILDABLE,Removed by npm ci,Dependency directory rebuilt from unchanged lockfile; numbered vendor copies absent afterward,Not project source; lockfile authoritative,Not canonical package entry,ignored
node_modules/internal-slot/.attw 2.json,B — GENERATED / REBUILDABLE,Removed by npm ci,Dependency directory rebuilt from unchanged lockfile; numbered vendor copies absent afterward,Not project source; lockfile authoritative,Not canonical package entry,ignored
node_modules/internal-slot/.editorconfig 2,B — GENERATED / REBUILDABLE,Removed by npm ci,Dependency directory rebuilt from unchanged lockfile; numbered vendor copies absent afterward,Not project source; lockfile authoritative,Not canonical package entry,ignored
node_modules/internal-slot/.eslintrc 2,B — GENERATED / REBUILDABLE,Removed by npm ci,Dependency directory rebuilt from unchanged lockfile; numbered vendor copies absent afterward,Not project source; lockfile authoritative,Not canonical package entry,ignored
node_modules/internal-slot/.nycrc 2,B — GENERATED / REBUILDABLE,Removed by npm ci,Dependency directory rebuilt from unchanged lockfile; numbered vendor copies absent afterward,Not project source; lockfile authoritative,Not canonical package entry,ignored
node_modules/internal-slot/CHANGELOG 2.md,B — GENERATED / REBUILDABLE,Removed by npm ci,Dependency directory rebuilt from unchanged lockfile; numbered vendor copies absent afterward,Not project source; lockfile authoritative,Not canonical package entry,ignored
node_modules/internal-slot/LICENSE 2,B — GENERATED / REBUILDABLE,Removed by npm ci,Dependency directory rebuilt from unchanged lockfile; numbered vendor copies absent afterward,Not project source; lockfile authoritative,Not canonical package entry,ignored
node_modules/internal-slot/README 2.md,B — GENERATED / REBUILDABLE,Removed by npm ci,Dependency directory rebuilt from unchanged lockfile; numbered vendor copies absent afterward,Not project source; lockfile authoritative,Not canonical package entry,ignored
node_modules/internal-slot/index 2.js,B — GENERATED / REBUILDABLE,Removed by npm ci,Dependency directory rebuilt from unchanged lockfile; numbered vendor copies absent afterward,Not project source; lockfile authoritative,Not canonical package entry,ignored
node_modules/internal-slot/index.d 2.ts,B — GENERATED / REBUILDABLE,Removed by npm ci,Dependency directory rebuilt from unchanged lockfile; numbered vendor copies absent afterward,Not project source; lockfile authoritative,Not canonical package entry,ignored
node_modules/internal-slot/package 2.json,B — GENERATED / REBUILDABLE,Removed by npm ci,Dependency directory rebuilt from unchanged lockfile; numbered vendor copies absent afterward,Not project source; lockfile authoritative,Not canonical package entry,ignored
node_modules/internal-slot/tsconfig 2.json,B — GENERATED / REBUILDABLE,Removed by npm ci,Dependency directory rebuilt from unchanged lockfile; numbered vendor copies absent afterward,Not project source; lockfile authoritative,Not canonical package entry,ignored
node_modules/is-array-buffer/.eslintrc 2,B — GENERATED / REBUILDABLE,Removed by npm ci,Dependency directory rebuilt from unchanged lockfile; numbered vendor copies absent afterward,Not project source; lockfile authoritative,Not canonical package entry,ignored
node_modules/is-array-buffer/.nycrc 2,B — GENERATED / REBUILDABLE,Removed by npm ci,Dependency directory rebuilt from unchanged lockfile; numbered vendor copies absent afterward,Not project source; lockfile authoritative,Not canonical package entry,ignored
node_modules/is-array-buffer/CHANGELOG 2.md,B — GENERATED / REBUILDABLE,Removed by npm ci,Dependency directory rebuilt from unchanged lockfile; numbered vendor copies absent afterward,Not project source; lockfile authoritative,Not canonical package entry,ignored
node_modules/is-array-buffer/LICENSE 2,B — GENERATED / REBUILDABLE,Removed by npm ci,Dependency directory rebuilt from unchanged lockfile; numbered vendor copies absent afterward,Not project source; lockfile authoritative,Not canonical package entry,ignored
node_modules/is-array-buffer/README 2.md,B — GENERATED / REBUILDABLE,Removed by npm ci,Dependency directory rebuilt from unchanged lockfile; numbered vendor copies absent afterward,Not project source; lockfile authoritative,Not canonical package entry,ignored
node_modules/is-array-buffer/index 2.js,B — GENERATED / REBUILDABLE,Removed by npm ci,Dependency directory rebuilt from unchanged lockfile; numbered vendor copies absent afterward,Not project source; lockfile authoritative,Not canonical package entry,ignored
node_modules/is-array-buffer/index.d 2.ts,B — GENERATED / REBUILDABLE,Removed by npm ci,Dependency directory rebuilt from unchanged lockfile; numbered vendor copies absent afterward,Not project source; lockfile authoritative,Not canonical package entry,ignored
node_modules/is-array-buffer/package 2.json,B — GENERATED / REBUILDABLE,Removed by npm ci,Dependency directory rebuilt from unchanged lockfile; numbered vendor copies absent afterward,Not project source; lockfile authoritative,Not canonical package entry,ignored
node_modules/is-array-buffer/tsconfig 2.json,B — GENERATED / REBUILDABLE,Removed by npm ci,Dependency directory rebuilt from unchanged lockfile; numbered vendor copies absent afterward,Not project source; lockfile authoritative,Not canonical package entry,ignored
node_modules/is-async-function/.eslintrc 2,B — GENERATED / REBUILDABLE,Removed by npm ci,Dependency directory rebuilt from unchanged lockfile; numbered vendor copies absent afterward,Not project source; lockfile authoritative,Not canonical package entry,ignored
node_modules/is-async-function/.nycrc 2,B — GENERATED / REBUILDABLE,Removed by npm ci,Dependency directory rebuilt from unchanged lockfile; numbered vendor copies absent afterward,Not project source; lockfile authoritative,Not canonical package entry,ignored
node_modules/is-async-function/CHANGELOG 2.md,B — GENERATED / REBUILDABLE,Removed by npm ci,Dependency directory rebuilt from unchanged lockfile; numbered vendor copies absent afterward,Not project source; lockfile authoritative,Not canonical package entry,ignored
node_modules/is-async-function/LICENSE 2,B — GENERATED / REBUILDABLE,Removed by npm ci,Dependency directory rebuilt from unchanged lockfile; numbered vendor copies absent afterward,Not project source; lockfile authoritative,Not canonical package entry,ignored
node_modules/is-async-function/README 2.md,B — GENERATED / REBUILDABLE,Removed by npm ci,Dependency directory rebuilt from unchanged lockfile; numbered vendor copies absent afterward,Not project source; lockfile authoritative,Not canonical package entry,ignored
node_modules/is-async-function/index 2.js,B — GENERATED / REBUILDABLE,Removed by npm ci,Dependency directory rebuilt from unchanged lockfile; numbered vendor copies absent afterward,Not project source; lockfile authoritative,Not canonical package entry,ignored
node_modules/is-async-function/index.d 2.ts,B — GENERATED / REBUILDABLE,Removed by npm ci,Dependency directory rebuilt from unchanged lockfile; numbered vendor copies absent afterward,Not project source; lockfile authoritative,Not canonical package entry,ignored
node_modules/is-async-function/package 2.json,B — GENERATED / REBUILDABLE,Removed by npm ci,Dependency directory rebuilt from unchanged lockfile; numbered vendor copies absent afterward,Not project source; lockfile authoritative,Not canonical package entry,ignored
node_modules/is-async-function/tsconfig 2.json,B — GENERATED / REBUILDABLE,Removed by npm ci,Dependency directory rebuilt from unchanged lockfile; numbered vendor copies absent afterward,Not project source; lockfile authoritative,Not canonical package entry,ignored
node_modules/is-bigint/.eslintrc 2,B — GENERATED / REBUILDABLE,Removed by npm ci,Dependency directory rebuilt from unchanged lockfile; numbered vendor copies absent afterward,Not project source; lockfile authoritative,Not canonical package entry,ignored
node_modules/is-bigint/.nycrc 2,B — GENERATED / REBUILDABLE,Removed by npm ci,Dependency directory rebuilt from unchanged lockfile; numbered vendor copies absent afterward,Not project source; lockfile authoritative,Not canonical package entry,ignored
node_modules/is-bigint/CHANGELOG 2.md,B — GENERATED / REBUILDABLE,Removed by npm ci,Dependency directory rebuilt from unchanged lockfile; numbered vendor copies absent afterward,Not project source; lockfile authoritative,Not canonical package entry,ignored
node_modules/is-bigint/LICENSE 2,B — GENERATED / REBUILDABLE,Removed by npm ci,Dependency directory rebuilt from unchanged lockfile; numbered vendor copies absent afterward,Not project source; lockfile authoritative,Not canonical package entry,ignored
node_modules/is-bigint/README 2.md,B — GENERATED / REBUILDABLE,Removed by npm ci,Dependency directory rebuilt from unchanged lockfile; numbered vendor copies absent afterward,Not project source; lockfile authoritative,Not canonical package entry,ignored
node_modules/is-bigint/index 2.js,B — GENERATED / REBUILDABLE,Removed by npm ci,Dependency directory rebuilt from unchanged lockfile; numbered vendor copies absent afterward,Not project source; lockfile authoritative,Not canonical package entry,ignored
node_modules/is-bigint/index.d 2.ts,B — GENERATED / REBUILDABLE,Removed by npm ci,Dependency directory rebuilt from unchanged lockfile; numbered vendor copies absent afterward,Not project source; lockfile authoritative,Not canonical package entry,ignored
node_modules/is-bigint/package 2.json,B — GENERATED / REBUILDABLE,Removed by npm ci,Dependency directory rebuilt from unchanged lockfile; numbered vendor copies absent afterward,Not project source; lockfile authoritative,Not canonical package entry,ignored
node_modules/is-bigint/tsconfig 2.json,B — GENERATED / REBUILDABLE,Removed by npm ci,Dependency directory rebuilt from unchanged lockfile; numbered vendor copies absent afterward,Not project source; lockfile authoritative,Not canonical package entry,ignored
node_modules/is-binary-path/index 2.js,B — GENERATED / REBUILDABLE,Removed by npm ci,Dependency directory rebuilt from unchanged lockfile; numbered vendor copies absent afterward,Not project source; lockfile authoritative,Not canonical package entry,ignored
node_modules/is-binary-path/index.d 2.ts,B — GENERATED / REBUILDABLE,Removed by npm ci,Dependency directory rebuilt from unchanged lockfile; numbered vendor copies absent afterward,Not project source; lockfile authoritative,Not canonical package entry,ignored
node_modules/is-binary-path/license 2,B — GENERATED / REBUILDABLE,Removed by npm ci,Dependency directory rebuilt from unchanged lockfile; numbered vendor copies absent afterward,Not project source; lockfile authoritative,Not canonical package entry,ignored
node_modules/is-binary-path/package 2.json,B — GENERATED / REBUILDABLE,Removed by npm ci,Dependency directory rebuilt from unchanged lockfile; numbered vendor copies absent afterward,Not project source; lockfile authoritative,Not canonical package entry,ignored
node_modules/is-binary-path/readme 2.md,B — GENERATED / REBUILDABLE,Removed by npm ci,Dependency directory rebuilt from unchanged lockfile; numbered vendor copies absent afterward,Not project source; lockfile authoritative,Not canonical package entry,ignored
node_modules/is-boolean-object/.editorconfig 2,B — GENERATED / REBUILDABLE,Removed by npm ci,Dependency directory rebuilt from unchanged lockfile; numbered vendor copies absent afterward,Not project source; lockfile authoritative,Not canonical package entry,ignored
node_modules/is-boolean-object/.eslintrc 2,B — GENERATED / REBUILDABLE,Removed by npm ci,Dependency directory rebuilt from unchanged lockfile; numbered vendor copies absent afterward,Not project source; lockfile authoritative,Not canonical package entry,ignored
node_modules/is-boolean-object/.nycrc 2,B — GENERATED / REBUILDABLE,Removed by npm ci,Dependency directory rebuilt from unchanged lockfile; numbered vendor copies absent afterward,Not project source; lockfile authoritative,Not canonical package entry,ignored
node_modules/is-boolean-object/CHANGELOG 2.md,B — GENERATED / REBUILDABLE,Removed by npm ci,Dependency directory rebuilt from unchanged lockfile; numbered vendor copies absent afterward,Not project source; lockfile authoritative,Not canonical package entry,ignored
node_modules/is-boolean-object/LICENSE 2,B — GENERATED / REBUILDABLE,Removed by npm ci,Dependency directory rebuilt from unchanged lockfile; numbered vendor copies absent afterward,Not project source; lockfile authoritative,Not canonical package entry,ignored
node_modules/is-boolean-object/README 2.md,B — GENERATED / REBUILDABLE,Removed by npm ci,Dependency directory rebuilt from unchanged lockfile; numbered vendor copies absent afterward,Not project source; lockfile authoritative,Not canonical package entry,ignored
node_modules/is-boolean-object/index 2.js,B — GENERATED / REBUILDABLE,Removed by npm ci,Dependency directory rebuilt from unchanged lockfile; numbered vendor copies absent afterward,Not project source; lockfile authoritative,Not canonical package entry,ignored
node_modules/is-boolean-object/index.d 2.ts,B — GENERATED / REBUILDABLE,Removed by npm ci,Dependency directory rebuilt from unchanged lockfile; numbered vendor copies absent afterward,Not project source; lockfile authoritative,Not canonical package entry,ignored
node_modules/is-boolean-object/package 2.json,B — GENERATED / REBUILDABLE,Removed by npm ci,Dependency directory rebuilt from unchanged lockfile; numbered vendor copies absent afterward,Not project source; lockfile authoritative,Not canonical package entry,ignored
node_modules/is-boolean-object/tsconfig 2.json,B — GENERATED / REBUILDABLE,Removed by npm ci,Dependency directory rebuilt from unchanged lockfile; numbered vendor copies absent afterward,Not project source; lockfile authoritative,Not canonical package entry,ignored
node_modules/is-bun-module/LICENSE 2,B — GENERATED / REBUILDABLE,Removed by npm ci,Dependency directory rebuilt from unchanged lockfile; numbered vendor copies absent afterward,Not project source; lockfile authoritative,Not canonical package entry,ignored
node_modules/is-bun-module/README 2.md,B — GENERATED / REBUILDABLE,Removed by npm ci,Dependency directory rebuilt from unchanged lockfile; numbered vendor copies absent afterward,Not project source; lockfile authoritative,Not canonical package entry,ignored
node_modules/is-bun-module/package 2.json,B — GENERATED / REBUILDABLE,Removed by npm ci,Dependency directory rebuilt from unchanged lockfile; numbered vendor copies absent afterward,Not project source; lockfile authoritative,Not canonical package entry,ignored
node_modules/is-callable/.editorconfig 2,B — GENERATED / REBUILDABLE,Removed by npm ci,Dependency directory rebuilt from unchanged lockfile; numbered vendor copies absent afterward,Not project source; lockfile authoritative,Not canonical package entry,ignored
node_modules/is-callable/.eslintrc 2,B — GENERATED / REBUILDABLE,Removed by npm ci,Dependency directory rebuilt from unchanged lockfile; numbered vendor copies absent afterward,Not project source; lockfile authoritative,Not canonical package entry,ignored
node_modules/is-callable/.nycrc 2,B — GENERATED / REBUILDABLE,Removed by npm ci,Dependency directory rebuilt from unchanged lockfile; numbered vendor copies absent afterward,Not project source; lockfile authoritative,Not canonical package entry,ignored
node_modules/is-callable/CHANGELOG 2.md,B — GENERATED / REBUILDABLE,Removed by npm ci,Dependency directory rebuilt from unchanged lockfile; numbered vendor copies absent afterward,Not project source; lockfile authoritative,Not canonical package entry,ignored
node_modules/is-callable/LICENSE 2,B — GENERATED / REBUILDABLE,Removed by npm ci,Dependency directory rebuilt from unchanged lockfile; numbered vendor copies absent afterward,Not project source; lockfile authoritative,Not canonical package entry,ignored
node_modules/is-callable/README 2.md,B — GENERATED / REBUILDABLE,Removed by npm ci,Dependency directory rebuilt from unchanged lockfile; numbered vendor copies absent afterward,Not project source; lockfile authoritative,Not canonical package entry,ignored
node_modules/is-callable/index 2.js,B — GENERATED / REBUILDABLE,Removed by npm ci,Dependency directory rebuilt from unchanged lockfile; numbered vendor copies absent afterward,Not project source; lockfile authoritative,Not canonical package entry,ignored
node_modules/is-callable/package 2.json,B — GENERATED / REBUILDABLE,Removed by npm ci,Dependency directory rebuilt from unchanged lockfile; numbered vendor copies absent afterward,Not project source; lockfile authoritative,Not canonical package entry,ignored
node_modules/is-core-module/.eslintrc 2,B — GENERATED / REBUILDABLE,Removed by npm ci,Dependency directory rebuilt from unchanged lockfile; numbered vendor copies absent afterward,Not project source; lockfile authoritative,Not canonical package entry,ignored
node_modules/is-core-module/.nycrc 2,B — GENERATED / REBUILDABLE,Removed by npm ci,Dependency directory rebuilt from unchanged lockfile; numbered vendor copies absent afterward,Not project source; lockfile authoritative,Not canonical package entry,ignored
node_modules/is-core-module/CHANGELOG 2.md,B — GENERATED / REBUILDABLE,Removed by npm ci,Dependency directory rebuilt from unchanged lockfile; numbered vendor copies absent afterward,Not project source; lockfile authoritative,Not canonical package entry,ignored
node_modules/is-core-module/LICENSE 2,B — GENERATED / REBUILDABLE,Removed by npm ci,Dependency directory rebuilt from unchanged lockfile; numbered vendor copies absent afterward,Not project source; lockfile authoritative,Not canonical package entry,ignored
node_modules/is-core-module/README 2.md,B — GENERATED / REBUILDABLE,Removed by npm ci,Dependency directory rebuilt from unchanged lockfile; numbered vendor copies absent afterward,Not project source; lockfile authoritative,Not canonical package entry,ignored
node_modules/is-core-module/core 2.json,B — GENERATED / REBUILDABLE,Removed by npm ci,Dependency directory rebuilt from unchanged lockfile; numbered vendor copies absent afterward,Not project source; lockfile authoritative,Not canonical package entry,ignored
node_modules/is-core-module/index 2.js,B — GENERATED / REBUILDABLE,Removed by npm ci,Dependency directory rebuilt from unchanged lockfile; numbered vendor copies absent afterward,Not project source; lockfile authoritative,Not canonical package entry,ignored
node_modules/is-core-module/package 2.json,B — GENERATED / REBUILDABLE,Removed by npm ci,Dependency directory rebuilt from unchanged lockfile; numbered vendor copies absent afterward,Not project source; lockfile authoritative,Not canonical package entry,ignored
node_modules/is-data-view/.editorconfig 2,B — GENERATED / REBUILDABLE,Removed by npm ci,Dependency directory rebuilt from unchanged lockfile; numbered vendor copies absent afterward,Not project source; lockfile authoritative,Not canonical package entry,ignored
node_modules/is-data-view/.eslintrc 2,B — GENERATED / REBUILDABLE,Removed by npm ci,Dependency directory rebuilt from unchanged lockfile; numbered vendor copies absent afterward,Not project source; lockfile authoritative,Not canonical package entry,ignored
node_modules/is-data-view/.nycrc 2,B — GENERATED / REBUILDABLE,Removed by npm ci,Dependency directory rebuilt from unchanged lockfile; numbered vendor copies absent afterward,Not project source; lockfile authoritative,Not canonical package entry,ignored
node_modules/is-data-view/CHANGELOG 2.md,B — GENERATED / REBUILDABLE,Removed by npm ci,Dependency directory rebuilt from unchanged lockfile; numbered vendor copies absent afterward,Not project source; lockfile authoritative,Not canonical package entry,ignored
node_modules/is-data-view/LICENSE 2,B — GENERATED / REBUILDABLE,Removed by npm ci,Dependency directory rebuilt from unchanged lockfile; numbered vendor copies absent afterward,Not project source; lockfile authoritative,Not canonical package entry,ignored
node_modules/is-data-view/README 2.md,B — GENERATED / REBUILDABLE,Removed by npm ci,Dependency directory rebuilt from unchanged lockfile; numbered vendor copies absent afterward,Not project source; lockfile authoritative,Not canonical package entry,ignored
node_modules/is-data-view/index 2.js,B — GENERATED / REBUILDABLE,Removed by npm ci,Dependency directory rebuilt from unchanged lockfile; numbered vendor copies absent afterward,Not project source; lockfile authoritative,Not canonical package entry,ignored
node_modules/is-data-view/index.d 2.ts,B — GENERATED / REBUILDABLE,Removed by npm ci,Dependency directory rebuilt from unchanged lockfile; numbered vendor copies absent afterward,Not project source; lockfile authoritative,Not canonical package entry,ignored
node_modules/is-data-view/package 2.json,B — GENERATED / REBUILDABLE,Removed by npm ci,Dependency directory rebuilt from unchanged lockfile; numbered vendor copies absent afterward,Not project source; lockfile authoritative,Not canonical package entry,ignored
node_modules/is-data-view/tsconfig 2.json,B — GENERATED / REBUILDABLE,Removed by npm ci,Dependency directory rebuilt from unchanged lockfile; numbered vendor copies absent afterward,Not project source; lockfile authoritative,Not canonical package entry,ignored
node_modules/is-date-object/.editorconfig 2,B — GENERATED / REBUILDABLE,Removed by npm ci,Dependency directory rebuilt from unchanged lockfile; numbered vendor copies absent afterward,Not project source; lockfile authoritative,Not canonical package entry,ignored
node_modules/is-date-object/.eslintrc 2,B — GENERATED / REBUILDABLE,Removed by npm ci,Dependency directory rebuilt from unchanged lockfile; numbered vendor copies absent afterward,Not project source; lockfile authoritative,Not canonical package entry,ignored
node_modules/is-date-object/.nycrc 2,B — GENERATED / REBUILDABLE,Removed by npm ci,Dependency directory rebuilt from unchanged lockfile; numbered vendor copies absent afterward,Not project source; lockfile authoritative,Not canonical package entry,ignored
node_modules/is-date-object/CHANGELOG 2.md,B — GENERATED / REBUILDABLE,Removed by npm ci,Dependency directory rebuilt from unchanged lockfile; numbered vendor copies absent afterward,Not project source; lockfile authoritative,Not canonical package entry,ignored
node_modules/is-date-object/LICENSE 2,B — GENERATED / REBUILDABLE,Removed by npm ci,Dependency directory rebuilt from unchanged lockfile; numbered vendor copies absent afterward,Not project source; lockfile authoritative,Not canonical package entry,ignored
node_modules/is-date-object/README 2.md,B — GENERATED / REBUILDABLE,Removed by npm ci,Dependency directory rebuilt from unchanged lockfile; numbered vendor copies absent afterward,Not project source; lockfile authoritative,Not canonical package entry,ignored
node_modules/is-date-object/index 2.js,B — GENERATED / REBUILDABLE,Removed by npm ci,Dependency directory rebuilt from unchanged lockfile; numbered vendor copies absent afterward,Not project source; lockfile authoritative,Not canonical package entry,ignored
node_modules/is-date-object/index.d 2.ts,B — GENERATED / REBUILDABLE,Removed by npm ci,Dependency directory rebuilt from unchanged lockfile; numbered vendor copies absent afterward,Not project source; lockfile authoritative,Not canonical package entry,ignored
node_modules/is-date-object/package 2.json,B — GENERATED / REBUILDABLE,Removed by npm ci,Dependency directory rebuilt from unchanged lockfile; numbered vendor copies absent afterward,Not project source; lockfile authoritative,Not canonical package entry,ignored
node_modules/is-date-object/tsconfig 2.json,B — GENERATED / REBUILDABLE,Removed by npm ci,Dependency directory rebuilt from unchanged lockfile; numbered vendor copies absent afterward,Not project source; lockfile authoritative,Not canonical package entry,ignored
node_modules/is-extglob/LICENSE 2,B — GENERATED / REBUILDABLE,Removed by npm ci,Dependency directory rebuilt from unchanged lockfile; numbered vendor copies absent afterward,Not project source; lockfile authoritative,Not canonical package entry,ignored
node_modules/is-extglob/README 2.md,B — GENERATED / REBUILDABLE,Removed by npm ci,Dependency directory rebuilt from unchanged lockfile; numbered vendor copies absent afterward,Not project source; lockfile authoritative,Not canonical package entry,ignored
node_modules/is-extglob/index 2.js,B — GENERATED / REBUILDABLE,Removed by npm ci,Dependency directory rebuilt from unchanged lockfile; numbered vendor copies absent afterward,Not project source; lockfile authoritative,Not canonical package entry,ignored
node_modules/is-extglob/package 2.json,B — GENERATED / REBUILDABLE,Removed by npm ci,Dependency directory rebuilt from unchanged lockfile; numbered vendor copies absent afterward,Not project source; lockfile authoritative,Not canonical package entry,ignored
node_modules/is-finalizationregistry/.eslintrc 2,B — GENERATED / REBUILDABLE,Removed by npm ci,Dependency directory rebuilt from unchanged lockfile; numbered vendor copies absent afterward,Not project source; lockfile authoritative,Not canonical package entry,ignored
node_modules/is-finalizationregistry/.nycrc 2,B — GENERATED / REBUILDABLE,Removed by npm ci,Dependency directory rebuilt from unchanged lockfile; numbered vendor copies absent afterward,Not project source; lockfile authoritative,Not canonical package entry,ignored
node_modules/is-finalizationregistry/CHANGELOG 2.md,B — GENERATED / REBUILDABLE,Removed by npm ci,Dependency directory rebuilt from unchanged lockfile; numbered vendor copies absent afterward,Not project source; lockfile authoritative,Not canonical package entry,ignored
node_modules/is-finalizationregistry/LICENSE 2,B — GENERATED / REBUILDABLE,Removed by npm ci,Dependency directory rebuilt from unchanged lockfile; numbered vendor copies absent afterward,Not project source; lockfile authoritative,Not canonical package entry,ignored
node_modules/is-finalizationregistry/README 2.md,B — GENERATED / REBUILDABLE,Removed by npm ci,Dependency directory rebuilt from unchanged lockfile; numbered vendor copies absent afterward,Not project source; lockfile authoritative,Not canonical package entry,ignored
node_modules/is-finalizationregistry/index 2.js,B — GENERATED / REBUILDABLE,Removed by npm ci,Dependency directory rebuilt from unchanged lockfile; numbered vendor copies absent afterward,Not project source; lockfile authoritative,Not canonical package entry,ignored
node_modules/is-finalizationregistry/index.d 2.ts,B — GENERATED / REBUILDABLE,Removed by npm ci,Dependency directory rebuilt from unchanged lockfile; numbered vendor copies absent afterward,Not project source; lockfile authoritative,Not canonical package entry,ignored
node_modules/is-finalizationregistry/package 2.json,B — GENERATED / REBUILDABLE,Removed by npm ci,Dependency directory rebuilt from unchanged lockfile; numbered vendor copies absent afterward,Not project source; lockfile authoritative,Not canonical package entry,ignored
node_modules/is-finalizationregistry/tsconfig 2.json,B — GENERATED / REBUILDABLE,Removed by npm ci,Dependency directory rebuilt from unchanged lockfile; numbered vendor copies absent afterward,Not project source; lockfile authoritative,Not canonical package entry,ignored
node_modules/is-fullwidth-code-point/index 2.js,B — GENERATED / REBUILDABLE,Removed by npm ci,Dependency directory rebuilt from unchanged lockfile; numbered vendor copies absent afterward,Not project source; lockfile authoritative,Not canonical package entry,ignored
node_modules/is-fullwidth-code-point/index.d 2.ts,B — GENERATED / REBUILDABLE,Removed by npm ci,Dependency directory rebuilt from unchanged lockfile; numbered vendor copies absent afterward,Not project source; lockfile authoritative,Not canonical package entry,ignored
node_modules/is-fullwidth-code-point/license 2,B — GENERATED / REBUILDABLE,Removed by npm ci,Dependency directory rebuilt from unchanged lockfile; numbered vendor copies absent afterward,Not project source; lockfile authoritative,Not canonical package entry,ignored
node_modules/is-fullwidth-code-point/package 2.json,B — GENERATED / REBUILDABLE,Removed by npm ci,Dependency directory rebuilt from unchanged lockfile; numbered vendor copies absent afterward,Not project source; lockfile authoritative,Not canonical package entry,ignored
node_modules/is-fullwidth-code-point/readme 2.md,B — GENERATED / REBUILDABLE,Removed by npm ci,Dependency directory rebuilt from unchanged lockfile; numbered vendor copies absent afterward,Not project source; lockfile authoritative,Not canonical package entry,ignored
node_modules/is-generator-function/.eslintrc 2,B — GENERATED / REBUILDABLE,Removed by npm ci,Dependency directory rebuilt from unchanged lockfile; numbered vendor copies absent afterward,Not project source; lockfile authoritative,Not canonical package entry,ignored
node_modules/is-generator-function/.nvmrc 2,B — GENERATED / REBUILDABLE,Removed by npm ci,Dependency directory rebuilt from unchanged lockfile; numbered vendor copies absent afterward,Not project source; lockfile authoritative,Not canonical package entry,ignored
node_modules/is-generator-function/.nycrc 2,B — GENERATED / REBUILDABLE,Removed by npm ci,Dependency directory rebuilt from unchanged lockfile; numbered vendor copies absent afterward,Not project source; lockfile authoritative,Not canonical package entry,ignored
node_modules/is-generator-function/CHANGELOG 2.md,B — GENERATED / REBUILDABLE,Removed by npm ci,Dependency directory rebuilt from unchanged lockfile; numbered vendor copies absent afterward,Not project source; lockfile authoritative,Not canonical package entry,ignored
node_modules/is-generator-function/LICENSE 2,B — GENERATED / REBUILDABLE,Removed by npm ci,Dependency directory rebuilt from unchanged lockfile; numbered vendor copies absent afterward,Not project source; lockfile authoritative,Not canonical package entry,ignored
node_modules/is-generator-function/README 2.md,B — GENERATED / REBUILDABLE,Removed by npm ci,Dependency directory rebuilt from unchanged lockfile; numbered vendor copies absent afterward,Not project source; lockfile authoritative,Not canonical package entry,ignored
node_modules/is-generator-function/index 2.js,B — GENERATED / REBUILDABLE,Removed by npm ci,Dependency directory rebuilt from unchanged lockfile; numbered vendor copies absent afterward,Not project source; lockfile authoritative,Not canonical package entry,ignored
node_modules/is-generator-function/index.d 2.ts,B — GENERATED / REBUILDABLE,Removed by npm ci,Dependency directory rebuilt from unchanged lockfile; numbered vendor copies absent afterward,Not project source; lockfile authoritative,Not canonical package entry,ignored
node_modules/is-generator-function/package 2.json,B — GENERATED / REBUILDABLE,Removed by npm ci,Dependency directory rebuilt from unchanged lockfile; numbered vendor copies absent afterward,Not project source; lockfile authoritative,Not canonical package entry,ignored
node_modules/is-generator-function/tsconfig 2.json,B — GENERATED / REBUILDABLE,Removed by npm ci,Dependency directory rebuilt from unchanged lockfile; numbered vendor copies absent afterward,Not project source; lockfile authoritative,Not canonical package entry,ignored
node_modules/is-glob/LICENSE 2,B — GENERATED / REBUILDABLE,Removed by npm ci,Dependency directory rebuilt from unchanged lockfile; numbered vendor copies absent afterward,Not project source; lockfile authoritative,Not canonical package entry,ignored
node_modules/is-glob/README 2.md,B — GENERATED / REBUILDABLE,Removed by npm ci,Dependency directory rebuilt from unchanged lockfile; numbered vendor copies absent afterward,Not project source; lockfile authoritative,Not canonical package entry,ignored
node_modules/is-glob/index 2.js,B — GENERATED / REBUILDABLE,Removed by npm ci,Dependency directory rebuilt from unchanged lockfile; numbered vendor copies absent afterward,Not project source; lockfile authoritative,Not canonical package entry,ignored
node_modules/is-glob/package 2.json,B — GENERATED / REBUILDABLE,Removed by npm ci,Dependency directory rebuilt from unchanged lockfile; numbered vendor copies absent afterward,Not project source; lockfile authoritative,Not canonical package entry,ignored
node_modules/is-map/.editorconfig 2,B — GENERATED / REBUILDABLE,Removed by npm ci,Dependency directory rebuilt from unchanged lockfile; numbered vendor copies absent afterward,Not project source; lockfile authoritative,Not canonical package entry,ignored
node_modules/is-map/.eslintrc 2,B — GENERATED / REBUILDABLE,Removed by npm ci,Dependency directory rebuilt from unchanged lockfile; numbered vendor copies absent afterward,Not project source; lockfile authoritative,Not canonical package entry,ignored
node_modules/is-map/.gitattributes 2,B — GENERATED / REBUILDABLE,Removed by npm ci,Dependency directory rebuilt from unchanged lockfile; numbered vendor copies absent afterward,Not project source; lockfile authoritative,Not canonical package entry,ignored
node_modules/is-map/.nycrc 2,B — GENERATED / REBUILDABLE,Removed by npm ci,Dependency directory rebuilt from unchanged lockfile; numbered vendor copies absent afterward,Not project source; lockfile authoritative,Not canonical package entry,ignored
node_modules/is-map/CHANGELOG 2.md,B — GENERATED / REBUILDABLE,Removed by npm ci,Dependency directory rebuilt from unchanged lockfile; numbered vendor copies absent afterward,Not project source; lockfile authoritative,Not canonical package entry,ignored
node_modules/is-map/LICENSE 2,B — GENERATED / REBUILDABLE,Removed by npm ci,Dependency directory rebuilt from unchanged lockfile; numbered vendor copies absent afterward,Not project source; lockfile authoritative,Not canonical package entry,ignored
node_modules/is-map/README 2.md,B — GENERATED / REBUILDABLE,Removed by npm ci,Dependency directory rebuilt from unchanged lockfile; numbered vendor copies absent afterward,Not project source; lockfile authoritative,Not canonical package entry,ignored
node_modules/is-map/index 2.js,B — GENERATED / REBUILDABLE,Removed by npm ci,Dependency directory rebuilt from unchanged lockfile; numbered vendor copies absent afterward,Not project source; lockfile authoritative,Not canonical package entry,ignored
node_modules/is-map/index.d 2.ts,B — GENERATED / REBUILDABLE,Removed by npm ci,Dependency directory rebuilt from unchanged lockfile; numbered vendor copies absent afterward,Not project source; lockfile authoritative,Not canonical package entry,ignored
node_modules/is-map/package 2.json,B — GENERATED / REBUILDABLE,Removed by npm ci,Dependency directory rebuilt from unchanged lockfile; numbered vendor copies absent afterward,Not project source; lockfile authoritative,Not canonical package entry,ignored
node_modules/is-map/tsconfig 2.json,B — GENERATED / REBUILDABLE,Removed by npm ci,Dependency directory rebuilt from unchanged lockfile; numbered vendor copies absent afterward,Not project source; lockfile authoritative,Not canonical package entry,ignored
node_modules/is-negative-zero/.editorconfig 2,B — GENERATED / REBUILDABLE,Removed by npm ci,Dependency directory rebuilt from unchanged lockfile; numbered vendor copies absent afterward,Not project source; lockfile authoritative,Not canonical package entry,ignored
node_modules/is-negative-zero/.eslintrc 2,B — GENERATED / REBUILDABLE,Removed by npm ci,Dependency directory rebuilt from unchanged lockfile; numbered vendor copies absent afterward,Not project source; lockfile authoritative,Not canonical package entry,ignored
node_modules/is-negative-zero/.nycrc 2,B — GENERATED / REBUILDABLE,Removed by npm ci,Dependency directory rebuilt from unchanged lockfile; numbered vendor copies absent afterward,Not project source; lockfile authoritative,Not canonical package entry,ignored
node_modules/is-negative-zero/CHANGELOG 2.md,B — GENERATED / REBUILDABLE,Removed by npm ci,Dependency directory rebuilt from unchanged lockfile; numbered vendor copies absent afterward,Not project source; lockfile authoritative,Not canonical package entry,ignored
node_modules/is-negative-zero/LICENSE 2,B — GENERATED / REBUILDABLE,Removed by npm ci,Dependency directory rebuilt from unchanged lockfile; numbered vendor copies absent afterward,Not project source; lockfile authoritative,Not canonical package entry,ignored
node_modules/is-negative-zero/README 2.md,B — GENERATED / REBUILDABLE,Removed by npm ci,Dependency directory rebuilt from unchanged lockfile; numbered vendor copies absent afterward,Not project source; lockfile authoritative,Not canonical package entry,ignored
node_modules/is-negative-zero/index 2.js,B — GENERATED / REBUILDABLE,Removed by npm ci,Dependency directory rebuilt from unchanged lockfile; numbered vendor copies absent afterward,Not project source; lockfile authoritative,Not canonical package entry,ignored
node_modules/is-negative-zero/index.d 2.ts,B — GENERATED / REBUILDABLE,Removed by npm ci,Dependency directory rebuilt from unchanged lockfile; numbered vendor copies absent afterward,Not project source; lockfile authoritative,Not canonical package entry,ignored
node_modules/is-negative-zero/package 2.json,B — GENERATED / REBUILDABLE,Removed by npm ci,Dependency directory rebuilt from unchanged lockfile; numbered vendor copies absent afterward,Not project source; lockfile authoritative,Not canonical package entry,ignored
node_modules/is-negative-zero/tsconfig 2.json,B — GENERATED / REBUILDABLE,Removed by npm ci,Dependency directory rebuilt from unchanged lockfile; numbered vendor copies absent afterward,Not project source; lockfile authoritative,Not canonical package entry,ignored
node_modules/is-number-object/.editorconfig 2,B — GENERATED / REBUILDABLE,Removed by npm ci,Dependency directory rebuilt from unchanged lockfile; numbered vendor copies absent afterward,Not project source; lockfile authoritative,Not canonical package entry,ignored
node_modules/is-number-object/.eslintrc 2,B — GENERATED / REBUILDABLE,Removed by npm ci,Dependency directory rebuilt from unchanged lockfile; numbered vendor copies absent afterward,Not project source; lockfile authoritative,Not canonical package entry,ignored
node_modules/is-number-object/.nycrc 2,B — GENERATED / REBUILDABLE,Removed by npm ci,Dependency directory rebuilt from unchanged lockfile; numbered vendor copies absent afterward,Not project source; lockfile authoritative,Not canonical package entry,ignored
node_modules/is-number-object/CHANGELOG 2.md,B — GENERATED / REBUILDABLE,Removed by npm ci,Dependency directory rebuilt from unchanged lockfile; numbered vendor copies absent afterward,Not project source; lockfile authoritative,Not canonical package entry,ignored
node_modules/is-number-object/LICENSE 2,B — GENERATED / REBUILDABLE,Removed by npm ci,Dependency directory rebuilt from unchanged lockfile; numbered vendor copies absent afterward,Not project source; lockfile authoritative,Not canonical package entry,ignored
node_modules/is-number-object/README 2.md,B — GENERATED / REBUILDABLE,Removed by npm ci,Dependency directory rebuilt from unchanged lockfile; numbered vendor copies absent afterward,Not project source; lockfile authoritative,Not canonical package entry,ignored
node_modules/is-number-object/index 2.js,B — GENERATED / REBUILDABLE,Removed by npm ci,Dependency directory rebuilt from unchanged lockfile; numbered vendor copies absent afterward,Not project source; lockfile authoritative,Not canonical package entry,ignored
node_modules/is-number-object/index.d 2.ts,B — GENERATED / REBUILDABLE,Removed by npm ci,Dependency directory rebuilt from unchanged lockfile; numbered vendor copies absent afterward,Not project source; lockfile authoritative,Not canonical package entry,ignored
node_modules/is-number-object/package 2.json,B — GENERATED / REBUILDABLE,Removed by npm ci,Dependency directory rebuilt from unchanged lockfile; numbered vendor copies absent afterward,Not project source; lockfile authoritative,Not canonical package entry,ignored
node_modules/is-number-object/tsconfig 2.json,B — GENERATED / REBUILDABLE,Removed by npm ci,Dependency directory rebuilt from unchanged lockfile; numbered vendor copies absent afterward,Not project source; lockfile authoritative,Not canonical package entry,ignored
node_modules/is-number/LICENSE 2,B — GENERATED / REBUILDABLE,Removed by npm ci,Dependency directory rebuilt from unchanged lockfile; numbered vendor copies absent afterward,Not project source; lockfile authoritative,Not canonical package entry,ignored
node_modules/is-number/README 2.md,B — GENERATED / REBUILDABLE,Removed by npm ci,Dependency directory rebuilt from unchanged lockfile; numbered vendor copies absent afterward,Not project source; lockfile authoritative,Not canonical package entry,ignored
node_modules/is-number/index 2.js,B — GENERATED / REBUILDABLE,Removed by npm ci,Dependency directory rebuilt from unchanged lockfile; numbered vendor copies absent afterward,Not project source; lockfile authoritative,Not canonical package entry,ignored
node_modules/is-number/package 2.json,B — GENERATED / REBUILDABLE,Removed by npm ci,Dependency directory rebuilt from unchanged lockfile; numbered vendor copies absent afterward,Not project source; lockfile authoritative,Not canonical package entry,ignored
node_modules/is-regex/.editorconfig 2,B — GENERATED / REBUILDABLE,Removed by npm ci,Dependency directory rebuilt from unchanged lockfile; numbered vendor copies absent afterward,Not project source; lockfile authoritative,Not canonical package entry,ignored
node_modules/is-regex/.eslintrc 2,B — GENERATED / REBUILDABLE,Removed by npm ci,Dependency directory rebuilt from unchanged lockfile; numbered vendor copies absent afterward,Not project source; lockfile authoritative,Not canonical package entry,ignored
node_modules/is-regex/.nycrc 2,B — GENERATED / REBUILDABLE,Removed by npm ci,Dependency directory rebuilt from unchanged lockfile; numbered vendor copies absent afterward,Not project source; lockfile authoritative,Not canonical package entry,ignored
node_modules/is-regex/CHANGELOG 2.md,B — GENERATED / REBUILDABLE,Removed by npm ci,Dependency directory rebuilt from unchanged lockfile; numbered vendor copies absent afterward,Not project source; lockfile authoritative,Not canonical package entry,ignored
node_modules/is-regex/LICENSE 2,B — GENERATED / REBUILDABLE,Removed by npm ci,Dependency directory rebuilt from unchanged lockfile; numbered vendor copies absent afterward,Not project source; lockfile authoritative,Not canonical package entry,ignored
node_modules/is-regex/README 2.md,B — GENERATED / REBUILDABLE,Removed by npm ci,Dependency directory rebuilt from unchanged lockfile; numbered vendor copies absent afterward,Not project source; lockfile authoritative,Not canonical package entry,ignored
node_modules/is-regex/index 2.js,B — GENERATED / REBUILDABLE,Removed by npm ci,Dependency directory rebuilt from unchanged lockfile; numbered vendor copies absent afterward,Not project source; lockfile authoritative,Not canonical package entry,ignored
node_modules/is-regex/index.d 2.ts,B — GENERATED / REBUILDABLE,Removed by npm ci,Dependency directory rebuilt from unchanged lockfile; numbered vendor copies absent afterward,Not project source; lockfile authoritative,Not canonical package entry,ignored
node_modules/is-regex/package 2.json,B — GENERATED / REBUILDABLE,Removed by npm ci,Dependency directory rebuilt from unchanged lockfile; numbered vendor copies absent afterward,Not project source; lockfile authoritative,Not canonical package entry,ignored
node_modules/is-regex/tsconfig 2.json,B — GENERATED / REBUILDABLE,Removed by npm ci,Dependency directory rebuilt from unchanged lockfile; numbered vendor copies absent afterward,Not project source; lockfile authoritative,Not canonical package entry,ignored
node_modules/is-set/.editorconfig 2,B — GENERATED / REBUILDABLE,Removed by npm ci,Dependency directory rebuilt from unchanged lockfile; numbered vendor copies absent afterward,Not project source; lockfile authoritative,Not canonical package entry,ignored
node_modules/is-set/.eslintrc 2,B — GENERATED / REBUILDABLE,Removed by npm ci,Dependency directory rebuilt from unchanged lockfile; numbered vendor copies absent afterward,Not project source; lockfile authoritative,Not canonical package entry,ignored
node_modules/is-set/.gitattributes 2,B — GENERATED / REBUILDABLE,Removed by npm ci,Dependency directory rebuilt from unchanged lockfile; numbered vendor copies absent afterward,Not project source; lockfile authoritative,Not canonical package entry,ignored
node_modules/is-set/.nycrc 2,B — GENERATED / REBUILDABLE,Removed by npm ci,Dependency directory rebuilt from unchanged lockfile; numbered vendor copies absent afterward,Not project source; lockfile authoritative,Not canonical package entry,ignored
node_modules/is-set/CHANGELOG 2.md,B — GENERATED / REBUILDABLE,Removed by npm ci,Dependency directory rebuilt from unchanged lockfile; numbered vendor copies absent afterward,Not project source; lockfile authoritative,Not canonical package entry,ignored
node_modules/is-set/LICENSE 2,B — GENERATED / REBUILDABLE,Removed by npm ci,Dependency directory rebuilt from unchanged lockfile; numbered vendor copies absent afterward,Not project source; lockfile authoritative,Not canonical package entry,ignored
node_modules/is-set/README 2.md,B — GENERATED / REBUILDABLE,Removed by npm ci,Dependency directory rebuilt from unchanged lockfile; numbered vendor copies absent afterward,Not project source; lockfile authoritative,Not canonical package entry,ignored
node_modules/is-set/index 2.js,B — GENERATED / REBUILDABLE,Removed by npm ci,Dependency directory rebuilt from unchanged lockfile; numbered vendor copies absent afterward,Not project source; lockfile authoritative,Not canonical package entry,ignored
node_modules/is-set/index.d 2.ts,B — GENERATED / REBUILDABLE,Removed by npm ci,Dependency directory rebuilt from unchanged lockfile; numbered vendor copies absent afterward,Not project source; lockfile authoritative,Not canonical package entry,ignored
node_modules/is-set/package 2.json,B — GENERATED / REBUILDABLE,Removed by npm ci,Dependency directory rebuilt from unchanged lockfile; numbered vendor copies absent afterward,Not project source; lockfile authoritative,Not canonical package entry,ignored
node_modules/is-set/tsconfig 2.json,B — GENERATED / REBUILDABLE,Removed by npm ci,Dependency directory rebuilt from unchanged lockfile; numbered vendor copies absent afterward,Not project source; lockfile authoritative,Not canonical package entry,ignored
node_modules/is-shared-array-buffer/.eslintrc 2,B — GENERATED / REBUILDABLE,Removed by npm ci,Dependency directory rebuilt from unchanged lockfile; numbered vendor copies absent afterward,Not project source; lockfile authoritative,Not canonical package entry,ignored
node_modules/is-shared-array-buffer/.nycrc 2,B — GENERATED / REBUILDABLE,Removed by npm ci,Dependency directory rebuilt from unchanged lockfile; numbered vendor copies absent afterward,Not project source; lockfile authoritative,Not canonical package entry,ignored
node_modules/is-shared-array-buffer/CHANGELOG 2.md,B — GENERATED / REBUILDABLE,Removed by npm ci,Dependency directory rebuilt from unchanged lockfile; numbered vendor copies absent afterward,Not project source; lockfile authoritative,Not canonical package entry,ignored
node_modules/is-shared-array-buffer/LICENSE 2,B — GENERATED / REBUILDABLE,Removed by npm ci,Dependency directory rebuilt from unchanged lockfile; numbered vendor copies absent afterward,Not project source; lockfile authoritative,Not canonical package entry,ignored
node_modules/is-shared-array-buffer/README 2.md,B — GENERATED / REBUILDABLE,Removed by npm ci,Dependency directory rebuilt from unchanged lockfile; numbered vendor copies absent afterward,Not project source; lockfile authoritative,Not canonical package entry,ignored
node_modules/is-shared-array-buffer/index 2.js,B — GENERATED / REBUILDABLE,Removed by npm ci,Dependency directory rebuilt from unchanged lockfile; numbered vendor copies absent afterward,Not project source; lockfile authoritative,Not canonical package entry,ignored
node_modules/is-shared-array-buffer/index.d 2.ts,B — GENERATED / REBUILDABLE,Removed by npm ci,Dependency directory rebuilt from unchanged lockfile; numbered vendor copies absent afterward,Not project source; lockfile authoritative,Not canonical package entry,ignored
node_modules/is-shared-array-buffer/package 2.json,B — GENERATED / REBUILDABLE,Removed by npm ci,Dependency directory rebuilt from unchanged lockfile; numbered vendor copies absent afterward,Not project source; lockfile authoritative,Not canonical package entry,ignored
node_modules/is-shared-array-buffer/tsconfig 2.json,B — GENERATED / REBUILDABLE,Removed by npm ci,Dependency directory rebuilt from unchanged lockfile; numbered vendor copies absent afterward,Not project source; lockfile authoritative,Not canonical package entry,ignored
node_modules/is-string/.eslintrc 2,B — GENERATED / REBUILDABLE,Removed by npm ci,Dependency directory rebuilt from unchanged lockfile; numbered vendor copies absent afterward,Not project source; lockfile authoritative,Not canonical package entry,ignored
node_modules/is-string/.nycrc 2,B — GENERATED / REBUILDABLE,Removed by npm ci,Dependency directory rebuilt from unchanged lockfile; numbered vendor copies absent afterward,Not project source; lockfile authoritative,Not canonical package entry,ignored
node_modules/is-string/CHANGELOG 2.md,B — GENERATED / REBUILDABLE,Removed by npm ci,Dependency directory rebuilt from unchanged lockfile; numbered vendor copies absent afterward,Not project source; lockfile authoritative,Not canonical package entry,ignored
node_modules/is-string/LICENSE 2,B — GENERATED / REBUILDABLE,Removed by npm ci,Dependency directory rebuilt from unchanged lockfile; numbered vendor copies absent afterward,Not project source; lockfile authoritative,Not canonical package entry,ignored
node_modules/is-string/README 2.md,B — GENERATED / REBUILDABLE,Removed by npm ci,Dependency directory rebuilt from unchanged lockfile; numbered vendor copies absent afterward,Not project source; lockfile authoritative,Not canonical package entry,ignored
node_modules/is-string/index 2.js,B — GENERATED / REBUILDABLE,Removed by npm ci,Dependency directory rebuilt from unchanged lockfile; numbered vendor copies absent afterward,Not project source; lockfile authoritative,Not canonical package entry,ignored
node_modules/is-string/index.d 2.ts,B — GENERATED / REBUILDABLE,Removed by npm ci,Dependency directory rebuilt from unchanged lockfile; numbered vendor copies absent afterward,Not project source; lockfile authoritative,Not canonical package entry,ignored
node_modules/is-string/package 2.json,B — GENERATED / REBUILDABLE,Removed by npm ci,Dependency directory rebuilt from unchanged lockfile; numbered vendor copies absent afterward,Not project source; lockfile authoritative,Not canonical package entry,ignored
node_modules/is-string/tsconfig 2.json,B — GENERATED / REBUILDABLE,Removed by npm ci,Dependency directory rebuilt from unchanged lockfile; numbered vendor copies absent afterward,Not project source; lockfile authoritative,Not canonical package entry,ignored
node_modules/is-symbol/.editorconfig 2,B — GENERATED / REBUILDABLE,Removed by npm ci,Dependency directory rebuilt from unchanged lockfile; numbered vendor copies absent afterward,Not project source; lockfile authoritative,Not canonical package entry,ignored
node_modules/is-symbol/.eslintrc 2,B — GENERATED / REBUILDABLE,Removed by npm ci,Dependency directory rebuilt from unchanged lockfile; numbered vendor copies absent afterward,Not project source; lockfile authoritative,Not canonical package entry,ignored
node_modules/is-symbol/.nycrc 2,B — GENERATED / REBUILDABLE,Removed by npm ci,Dependency directory rebuilt from unchanged lockfile; numbered vendor copies absent afterward,Not project source; lockfile authoritative,Not canonical package entry,ignored
node_modules/is-symbol/CHANGELOG 2.md,B — GENERATED / REBUILDABLE,Removed by npm ci,Dependency directory rebuilt from unchanged lockfile; numbered vendor copies absent afterward,Not project source; lockfile authoritative,Not canonical package entry,ignored
node_modules/is-symbol/LICENSE 2,B — GENERATED / REBUILDABLE,Removed by npm ci,Dependency directory rebuilt from unchanged lockfile; numbered vendor copies absent afterward,Not project source; lockfile authoritative,Not canonical package entry,ignored
node_modules/is-symbol/README 2.md,B — GENERATED / REBUILDABLE,Removed by npm ci,Dependency directory rebuilt from unchanged lockfile; numbered vendor copies absent afterward,Not project source; lockfile authoritative,Not canonical package entry,ignored
node_modules/is-symbol/index 2.js,B — GENERATED / REBUILDABLE,Removed by npm ci,Dependency directory rebuilt from unchanged lockfile; numbered vendor copies absent afterward,Not project source; lockfile authoritative,Not canonical package entry,ignored
node_modules/is-symbol/index.d 2.ts,B — GENERATED / REBUILDABLE,Removed by npm ci,Dependency directory rebuilt from unchanged lockfile; numbered vendor copies absent afterward,Not project source; lockfile authoritative,Not canonical package entry,ignored
node_modules/is-symbol/package 2.json,B — GENERATED / REBUILDABLE,Removed by npm ci,Dependency directory rebuilt from unchanged lockfile; numbered vendor copies absent afterward,Not project source; lockfile authoritative,Not canonical package entry,ignored
node_modules/is-symbol/tsconfig 2.json,B — GENERATED / REBUILDABLE,Removed by npm ci,Dependency directory rebuilt from unchanged lockfile; numbered vendor copies absent afterward,Not project source; lockfile authoritative,Not canonical package entry,ignored
node_modules/is-typed-array/.editorconfig 2,B — GENERATED / REBUILDABLE,Removed by npm ci,Dependency directory rebuilt from unchanged lockfile; numbered vendor copies absent afterward,Not project source; lockfile authoritative,Not canonical package entry,ignored
node_modules/is-typed-array/.eslintrc 2,B — GENERATED / REBUILDABLE,Removed by npm ci,Dependency directory rebuilt from unchanged lockfile; numbered vendor copies absent afterward,Not project source; lockfile authoritative,Not canonical package entry,ignored
node_modules/is-typed-array/.nycrc 2,B — GENERATED / REBUILDABLE,Removed by npm ci,Dependency directory rebuilt from unchanged lockfile; numbered vendor copies absent afterward,Not project source; lockfile authoritative,Not canonical package entry,ignored
node_modules/is-typed-array/CHANGELOG 2.md,B — GENERATED / REBUILDABLE,Removed by npm ci,Dependency directory rebuilt from unchanged lockfile; numbered vendor copies absent afterward,Not project source; lockfile authoritative,Not canonical package entry,ignored
node_modules/is-typed-array/LICENSE 2,B — GENERATED / REBUILDABLE,Removed by npm ci,Dependency directory rebuilt from unchanged lockfile; numbered vendor copies absent afterward,Not project source; lockfile authoritative,Not canonical package entry,ignored
node_modules/is-typed-array/README 2.md,B — GENERATED / REBUILDABLE,Removed by npm ci,Dependency directory rebuilt from unchanged lockfile; numbered vendor copies absent afterward,Not project source; lockfile authoritative,Not canonical package entry,ignored
node_modules/is-typed-array/index 2.js,B — GENERATED / REBUILDABLE,Removed by npm ci,Dependency directory rebuilt from unchanged lockfile; numbered vendor copies absent afterward,Not project source; lockfile authoritative,Not canonical package entry,ignored
node_modules/is-typed-array/index.d 2.ts,B — GENERATED / REBUILDABLE,Removed by npm ci,Dependency directory rebuilt from unchanged lockfile; numbered vendor copies absent afterward,Not project source; lockfile authoritative,Not canonical package entry,ignored
node_modules/is-typed-array/package 2.json,B — GENERATED / REBUILDABLE,Removed by npm ci,Dependency directory rebuilt from unchanged lockfile; numbered vendor copies absent afterward,Not project source; lockfile authoritative,Not canonical package entry,ignored
node_modules/is-typed-array/tsconfig 2.json,B — GENERATED / REBUILDABLE,Removed by npm ci,Dependency directory rebuilt from unchanged lockfile; numbered vendor copies absent afterward,Not project source; lockfile authoritative,Not canonical package entry,ignored
node_modules/is-weakmap/.editorconfig 2,B — GENERATED / REBUILDABLE,Removed by npm ci,Dependency directory rebuilt from unchanged lockfile; numbered vendor copies absent afterward,Not project source; lockfile authoritative,Not canonical package entry,ignored
node_modules/is-weakmap/.eslintrc 2,B — GENERATED / REBUILDABLE,Removed by npm ci,Dependency directory rebuilt from unchanged lockfile; numbered vendor copies absent afterward,Not project source; lockfile authoritative,Not canonical package entry,ignored
node_modules/is-weakmap/.nycrc 2,B — GENERATED / REBUILDABLE,Removed by npm ci,Dependency directory rebuilt from unchanged lockfile; numbered vendor copies absent afterward,Not project source; lockfile authoritative,Not canonical package entry,ignored
node_modules/is-weakmap/CHANGELOG 2.md,B — GENERATED / REBUILDABLE,Removed by npm ci,Dependency directory rebuilt from unchanged lockfile; numbered vendor copies absent afterward,Not project source; lockfile authoritative,Not canonical package entry,ignored
node_modules/is-weakmap/LICENSE 2,B — GENERATED / REBUILDABLE,Removed by npm ci,Dependency directory rebuilt from unchanged lockfile; numbered vendor copies absent afterward,Not project source; lockfile authoritative,Not canonical package entry,ignored
node_modules/is-weakmap/README 2.md,B — GENERATED / REBUILDABLE,Removed by npm ci,Dependency directory rebuilt from unchanged lockfile; numbered vendor copies absent afterward,Not project source; lockfile authoritative,Not canonical package entry,ignored
node_modules/is-weakmap/index 2.js,B — GENERATED / REBUILDABLE,Removed by npm ci,Dependency directory rebuilt from unchanged lockfile; numbered vendor copies absent afterward,Not project source; lockfile authoritative,Not canonical package entry,ignored
node_modules/is-weakmap/index.d 2.ts,B — GENERATED / REBUILDABLE,Removed by npm ci,Dependency directory rebuilt from unchanged lockfile; numbered vendor copies absent afterward,Not project source; lockfile authoritative,Not canonical package entry,ignored
node_modules/is-weakmap/package 2.json,B — GENERATED / REBUILDABLE,Removed by npm ci,Dependency directory rebuilt from unchanged lockfile; numbered vendor copies absent afterward,Not project source; lockfile authoritative,Not canonical package entry,ignored
node_modules/is-weakmap/tsconfig 2.json,B — GENERATED / REBUILDABLE,Removed by npm ci,Dependency directory rebuilt from unchanged lockfile; numbered vendor copies absent afterward,Not project source; lockfile authoritative,Not canonical package entry,ignored
node_modules/is-weakset/.editorconfig 2,B — GENERATED / REBUILDABLE,Removed by npm ci,Dependency directory rebuilt from unchanged lockfile; numbered vendor copies absent afterward,Not project source; lockfile authoritative,Not canonical package entry,ignored
node_modules/is-weakset/.eslintrc 2,B — GENERATED / REBUILDABLE,Removed by npm ci,Dependency directory rebuilt from unchanged lockfile; numbered vendor copies absent afterward,Not project source; lockfile authoritative,Not canonical package entry,ignored
node_modules/is-weakset/.gitattributes 2,B — GENERATED / REBUILDABLE,Removed by npm ci,Dependency directory rebuilt from unchanged lockfile; numbered vendor copies absent afterward,Not project source; lockfile authoritative,Not canonical package entry,ignored
node_modules/is-weakset/.nycrc 2,B — GENERATED / REBUILDABLE,Removed by npm ci,Dependency directory rebuilt from unchanged lockfile; numbered vendor copies absent afterward,Not project source; lockfile authoritative,Not canonical package entry,ignored
node_modules/is-weakset/CHANGELOG 2.md,B — GENERATED / REBUILDABLE,Removed by npm ci,Dependency directory rebuilt from unchanged lockfile; numbered vendor copies absent afterward,Not project source; lockfile authoritative,Not canonical package entry,ignored
node_modules/is-weakset/LICENSE 2,B — GENERATED / REBUILDABLE,Removed by npm ci,Dependency directory rebuilt from unchanged lockfile; numbered vendor copies absent afterward,Not project source; lockfile authoritative,Not canonical package entry,ignored
node_modules/is-weakset/README 2.md,B — GENERATED / REBUILDABLE,Removed by npm ci,Dependency directory rebuilt from unchanged lockfile; numbered vendor copies absent afterward,Not project source; lockfile authoritative,Not canonical package entry,ignored
node_modules/is-weakset/index 2.js,B — GENERATED / REBUILDABLE,Removed by npm ci,Dependency directory rebuilt from unchanged lockfile; numbered vendor copies absent afterward,Not project source; lockfile authoritative,Not canonical package entry,ignored
node_modules/is-weakset/index.d 2.ts,B — GENERATED / REBUILDABLE,Removed by npm ci,Dependency directory rebuilt from unchanged lockfile; numbered vendor copies absent afterward,Not project source; lockfile authoritative,Not canonical package entry,ignored
node_modules/is-weakset/package 2.json,B — GENERATED / REBUILDABLE,Removed by npm ci,Dependency directory rebuilt from unchanged lockfile; numbered vendor copies absent afterward,Not project source; lockfile authoritative,Not canonical package entry,ignored
node_modules/is-weakset/tsconfig 2.json,B — GENERATED / REBUILDABLE,Removed by npm ci,Dependency directory rebuilt from unchanged lockfile; numbered vendor copies absent afterward,Not project source; lockfile authoritative,Not canonical package entry,ignored
node_modules/isarray/LICENSE 2,B — GENERATED / REBUILDABLE,Removed by npm ci,Dependency directory rebuilt from unchanged lockfile; numbered vendor copies absent afterward,Not project source; lockfile authoritative,Not canonical package entry,ignored
node_modules/isarray/README 2.md,B — GENERATED / REBUILDABLE,Removed by npm ci,Dependency directory rebuilt from unchanged lockfile; numbered vendor copies absent afterward,Not project source; lockfile authoritative,Not canonical package entry,ignored
node_modules/isarray/index 2.js,B — GENERATED / REBUILDABLE,Removed by npm ci,Dependency directory rebuilt from unchanged lockfile; numbered vendor copies absent afterward,Not project source; lockfile authoritative,Not canonical package entry,ignored
node_modules/isarray/package 2.json,B — GENERATED / REBUILDABLE,Removed by npm ci,Dependency directory rebuilt from unchanged lockfile; numbered vendor copies absent afterward,Not project source; lockfile authoritative,Not canonical package entry,ignored
node_modules/iterator.prototype/.eslintrc 2,B — GENERATED / REBUILDABLE,Removed by npm ci,Dependency directory rebuilt from unchanged lockfile; numbered vendor copies absent afterward,Not project source; lockfile authoritative,Not canonical package entry,ignored
node_modules/iterator.prototype/CHANGELOG 2.md,B — GENERATED / REBUILDABLE,Removed by npm ci,Dependency directory rebuilt from unchanged lockfile; numbered vendor copies absent afterward,Not project source; lockfile authoritative,Not canonical package entry,ignored
node_modules/iterator.prototype/LICENSE 2,B — GENERATED / REBUILDABLE,Removed by npm ci,Dependency directory rebuilt from unchanged lockfile; numbered vendor copies absent afterward,Not project source; lockfile authoritative,Not canonical package entry,ignored
node_modules/iterator.prototype/README 2.md,B — GENERATED / REBUILDABLE,Removed by npm ci,Dependency directory rebuilt from unchanged lockfile; numbered vendor copies absent afterward,Not project source; lockfile authoritative,Not canonical package entry,ignored
node_modules/iterator.prototype/index 2.js,B — GENERATED / REBUILDABLE,Removed by npm ci,Dependency directory rebuilt from unchanged lockfile; numbered vendor copies absent afterward,Not project source; lockfile authoritative,Not canonical package entry,ignored
node_modules/iterator.prototype/package 2.json,B — GENERATED / REBUILDABLE,Removed by npm ci,Dependency directory rebuilt from unchanged lockfile; numbered vendor copies absent afterward,Not project source; lockfile authoritative,Not canonical package entry,ignored
node_modules/json-buffer/.travis 2.yml,B — GENERATED / REBUILDABLE,Removed by npm ci,Dependency directory rebuilt from unchanged lockfile; numbered vendor copies absent afterward,Not project source; lockfile authoritative,Not canonical package entry,ignored
node_modules/json-buffer/LICENSE 2,B — GENERATED / REBUILDABLE,Removed by npm ci,Dependency directory rebuilt from unchanged lockfile; numbered vendor copies absent afterward,Not project source; lockfile authoritative,Not canonical package entry,ignored
node_modules/json-buffer/README 2.md,B — GENERATED / REBUILDABLE,Removed by npm ci,Dependency directory rebuilt from unchanged lockfile; numbered vendor copies absent afterward,Not project source; lockfile authoritative,Not canonical package entry,ignored
node_modules/json-buffer/index 2.js,B — GENERATED / REBUILDABLE,Removed by npm ci,Dependency directory rebuilt from unchanged lockfile; numbered vendor copies absent afterward,Not project source; lockfile authoritative,Not canonical package entry,ignored
node_modules/json-buffer/package 2.json,B — GENERATED / REBUILDABLE,Removed by npm ci,Dependency directory rebuilt from unchanged lockfile; numbered vendor copies absent afterward,Not project source; lockfile authoritative,Not canonical package entry,ignored
node_modules/json5/LICENSE 2.md,B — GENERATED / REBUILDABLE,Removed by npm ci,Dependency directory rebuilt from unchanged lockfile; numbered vendor copies absent afterward,Not project source; lockfile authoritative,Not canonical package entry,ignored
node_modules/json5/README 2.md,B — GENERATED / REBUILDABLE,Removed by npm ci,Dependency directory rebuilt from unchanged lockfile; numbered vendor copies absent afterward,Not project source; lockfile authoritative,Not canonical package entry,ignored
node_modules/json5/package 2.json,B — GENERATED / REBUILDABLE,Removed by npm ci,Dependency directory rebuilt from unchanged lockfile; numbered vendor copies absent afterward,Not project source; lockfile authoritative,Not canonical package entry,ignored
node_modules/jsx-ast-utils/.babelrc 2,B — GENERATED / REBUILDABLE,Removed by npm ci,Dependency directory rebuilt from unchanged lockfile; numbered vendor copies absent afterward,Not project source; lockfile authoritative,Not canonical package entry,ignored
node_modules/jsx-ast-utils/.eslintignore 2,B — GENERATED / REBUILDABLE,Removed by npm ci,Dependency directory rebuilt from unchanged lockfile; numbered vendor copies absent afterward,Not project source; lockfile authoritative,Not canonical package entry,ignored
node_modules/jsx-ast-utils/.eslintrc 2,B — GENERATED / REBUILDABLE,Removed by npm ci,Dependency directory rebuilt from unchanged lockfile; numbered vendor copies absent afterward,Not project source; lockfile authoritative,Not canonical package entry,ignored
node_modules/jsx-ast-utils/CHANGELOG 2.md,B — GENERATED / REBUILDABLE,Removed by npm ci,Dependency directory rebuilt from unchanged lockfile; numbered vendor copies absent afterward,Not project source; lockfile authoritative,Not canonical package entry,ignored
node_modules/jsx-ast-utils/LICENSE 2.md,B — GENERATED / REBUILDABLE,Removed by npm ci,Dependency directory rebuilt from unchanged lockfile; numbered vendor copies absent afterward,Not project source; lockfile authoritative,Not canonical package entry,ignored
node_modules/jsx-ast-utils/README 2.md,B — GENERATED / REBUILDABLE,Removed by npm ci,Dependency directory rebuilt from unchanged lockfile; numbered vendor copies absent afterward,Not project source; lockfile authoritative,Not canonical package entry,ignored
node_modules/jsx-ast-utils/elementType 2.js,B — GENERATED / REBUILDABLE,Removed by npm ci,Dependency directory rebuilt from unchanged lockfile; numbered vendor copies absent afterward,Not project source; lockfile authoritative,Not canonical package entry,ignored
node_modules/jsx-ast-utils/eventHandlers 2.js,B — GENERATED / REBUILDABLE,Removed by npm ci,Dependency directory rebuilt from unchanged lockfile; numbered vendor copies absent afterward,Not project source; lockfile authoritative,Not canonical package entry,ignored
node_modules/jsx-ast-utils/eventHandlersByType 2.js,B — GENERATED / REBUILDABLE,Removed by npm ci,Dependency directory rebuilt from unchanged lockfile; numbered vendor copies absent afterward,Not project source; lockfile authoritative,Not canonical package entry,ignored
node_modules/jsx-ast-utils/getLiteralPropValue 2.js,B — GENERATED / REBUILDABLE,Removed by npm ci,Dependency directory rebuilt from unchanged lockfile; numbered vendor copies absent afterward,Not project source; lockfile authoritative,Not canonical package entry,ignored
node_modules/jsx-ast-utils/getProp 2.js,B — GENERATED / REBUILDABLE,Removed by npm ci,Dependency directory rebuilt from unchanged lockfile; numbered vendor copies absent afterward,Not project source; lockfile authoritative,Not canonical package entry,ignored
node_modules/jsx-ast-utils/getPropValue 2.js,B — GENERATED / REBUILDABLE,Removed by npm ci,Dependency directory rebuilt from unchanged lockfile; numbered vendor copies absent afterward,Not project source; lockfile authoritative,Not canonical package entry,ignored
node_modules/jsx-ast-utils/hasAnyProp 2.js,B — GENERATED / REBUILDABLE,Removed by npm ci,Dependency directory rebuilt from unchanged lockfile; numbered vendor copies absent afterward,Not project source; lockfile authoritative,Not canonical package entry,ignored
node_modules/jsx-ast-utils/hasEveryProp 2.js,B — GENERATED / REBUILDABLE,Removed by npm ci,Dependency directory rebuilt from unchanged lockfile; numbered vendor copies absent afterward,Not project source; lockfile authoritative,Not canonical package entry,ignored
node_modules/jsx-ast-utils/hasProp 2.js,B — GENERATED / REBUILDABLE,Removed by npm ci,Dependency directory rebuilt from unchanged lockfile; numbered vendor copies absent afterward,Not project source; lockfile authoritative,Not canonical package entry,ignored
node_modules/jsx-ast-utils/package 2.json,B — GENERATED / REBUILDABLE,Removed by npm ci,Dependency directory rebuilt from unchanged lockfile; numbered vendor copies absent afterward,Not project source; lockfile authoritative,Not canonical package entry,ignored
node_modules/jsx-ast-utils/propName 2.js,B — GENERATED / REBUILDABLE,Removed by npm ci,Dependency directory rebuilt from unchanged lockfile; numbered vendor copies absent afterward,Not project source; lockfile authoritative,Not canonical package entry,ignored
node_modules/napi-postinstall/LICENSE 2,B — GENERATED / REBUILDABLE,Removed by npm ci,Dependency directory rebuilt from unchanged lockfile; numbered vendor copies absent afterward,Not project source; lockfile authoritative,Not canonical package entry,ignored
node_modules/napi-postinstall/README 2.md,B — GENERATED / REBUILDABLE,Removed by npm ci,Dependency directory rebuilt from unchanged lockfile; numbered vendor copies absent afterward,Not project source; lockfile authoritative,Not canonical package entry,ignored
node_modules/napi-postinstall/package 2.json,B — GENERATED / REBUILDABLE,Removed by npm ci,Dependency directory rebuilt from unchanged lockfile; numbered vendor copies absent afterward,Not project source; lockfile authoritative,Not canonical package entry,ignored
node_modules/object.entries/.editorconfig 2,B — GENERATED / REBUILDABLE,Removed by npm ci,Dependency directory rebuilt from unchanged lockfile; numbered vendor copies absent afterward,Not project source; lockfile authoritative,Not canonical package entry,ignored
node_modules/object.entries/.eslintrc 2,B — GENERATED / REBUILDABLE,Removed by npm ci,Dependency directory rebuilt from unchanged lockfile; numbered vendor copies absent afterward,Not project source; lockfile authoritative,Not canonical package entry,ignored
node_modules/object.entries/.nycrc 2,B — GENERATED / REBUILDABLE,Removed by npm ci,Dependency directory rebuilt from unchanged lockfile; numbered vendor copies absent afterward,Not project source; lockfile authoritative,Not canonical package entry,ignored
node_modules/object.entries/CHANGELOG 2.md,B — GENERATED / REBUILDABLE,Removed by npm ci,Dependency directory rebuilt from unchanged lockfile; numbered vendor copies absent afterward,Not project source; lockfile authoritative,Not canonical package entry,ignored
node_modules/object.entries/LICENSE 2,B — GENERATED / REBUILDABLE,Removed by npm ci,Dependency directory rebuilt from unchanged lockfile; numbered vendor copies absent afterward,Not project source; lockfile authoritative,Not canonical package entry,ignored
node_modules/object.entries/README 2.md,B — GENERATED / REBUILDABLE,Removed by npm ci,Dependency directory rebuilt from unchanged lockfile; numbered vendor copies absent afterward,Not project source; lockfile authoritative,Not canonical package entry,ignored
node_modules/object.entries/auto 2.js,B — GENERATED / REBUILDABLE,Removed by npm ci,Dependency directory rebuilt from unchanged lockfile; numbered vendor copies absent afterward,Not project source; lockfile authoritative,Not canonical package entry,ignored
node_modules/object.entries/implementation 2.js,B — GENERATED / REBUILDABLE,Removed by npm ci,Dependency directory rebuilt from unchanged lockfile; numbered vendor copies absent afterward,Not project source; lockfile authoritative,Not canonical package entry,ignored
node_modules/object.entries/index 2.js,B — GENERATED / REBUILDABLE,Removed by npm ci,Dependency directory rebuilt from unchanged lockfile; numbered vendor copies absent afterward,Not project source; lockfile authoritative,Not canonical package entry,ignored
node_modules/object.entries/package 2.json,B — GENERATED / REBUILDABLE,Removed by npm ci,Dependency directory rebuilt from unchanged lockfile; numbered vendor copies absent afterward,Not project source; lockfile authoritative,Not canonical package entry,ignored
node_modules/object.entries/polyfill 2.js,B — GENERATED / REBUILDABLE,Removed by npm ci,Dependency directory rebuilt from unchanged lockfile; numbered vendor copies absent afterward,Not project source; lockfile authoritative,Not canonical package entry,ignored
node_modules/object.entries/shim 2.js,B — GENERATED / REBUILDABLE,Removed by npm ci,Dependency directory rebuilt from unchanged lockfile; numbered vendor copies absent afterward,Not project source; lockfile authoritative,Not canonical package entry,ignored
node_modules/object.values/.editorconfig 2,B — GENERATED / REBUILDABLE,Removed by npm ci,Dependency directory rebuilt from unchanged lockfile; numbered vendor copies absent afterward,Not project source; lockfile authoritative,Not canonical package entry,ignored
node_modules/object.values/.eslintrc 2,B — GENERATED / REBUILDABLE,Removed by npm ci,Dependency directory rebuilt from unchanged lockfile; numbered vendor copies absent afterward,Not project source; lockfile authoritative,Not canonical package entry,ignored
node_modules/object.values/.nycrc 2,B — GENERATED / REBUILDABLE,Removed by npm ci,Dependency directory rebuilt from unchanged lockfile; numbered vendor copies absent afterward,Not project source; lockfile authoritative,Not canonical package entry,ignored
node_modules/object.values/CHANGELOG 2.md,B — GENERATED / REBUILDABLE,Removed by npm ci,Dependency directory rebuilt from unchanged lockfile; numbered vendor copies absent afterward,Not project source; lockfile authoritative,Not canonical package entry,ignored
node_modules/object.values/LICENSE 2,B — GENERATED / REBUILDABLE,Removed by npm ci,Dependency directory rebuilt from unchanged lockfile; numbered vendor copies absent afterward,Not project source; lockfile authoritative,Not canonical package entry,ignored
node_modules/object.values/README 2.md,B — GENERATED / REBUILDABLE,Removed by npm ci,Dependency directory rebuilt from unchanged lockfile; numbered vendor copies absent afterward,Not project source; lockfile authoritative,Not canonical package entry,ignored
node_modules/object.values/auto 2.js,B — GENERATED / REBUILDABLE,Removed by npm ci,Dependency directory rebuilt from unchanged lockfile; numbered vendor copies absent afterward,Not project source; lockfile authoritative,Not canonical package entry,ignored
node_modules/object.values/implementation 2.js,B — GENERATED / REBUILDABLE,Removed by npm ci,Dependency directory rebuilt from unchanged lockfile; numbered vendor copies absent afterward,Not project source; lockfile authoritative,Not canonical package entry,ignored
node_modules/object.values/index 2.js,B — GENERATED / REBUILDABLE,Removed by npm ci,Dependency directory rebuilt from unchanged lockfile; numbered vendor copies absent afterward,Not project source; lockfile authoritative,Not canonical package entry,ignored
node_modules/object.values/package 2.json,B — GENERATED / REBUILDABLE,Removed by npm ci,Dependency directory rebuilt from unchanged lockfile; numbered vendor copies absent afterward,Not project source; lockfile authoritative,Not canonical package entry,ignored
node_modules/object.values/polyfill 2.js,B — GENERATED / REBUILDABLE,Removed by npm ci,Dependency directory rebuilt from unchanged lockfile; numbered vendor copies absent afterward,Not project source; lockfile authoritative,Not canonical package entry,ignored
node_modules/object.values/shim 2.js,B — GENERATED / REBUILDABLE,Removed by npm ci,Dependency directory rebuilt from unchanged lockfile; numbered vendor copies absent afterward,Not project source; lockfile authoritative,Not canonical package entry,ignored
node_modules/p-limit/index 2.js,B — GENERATED / REBUILDABLE,Removed by npm ci,Dependency directory rebuilt from unchanged lockfile; numbered vendor copies absent afterward,Not project source; lockfile authoritative,Not canonical package entry,ignored
node_modules/p-limit/index.d 2.ts,B — GENERATED / REBUILDABLE,Removed by npm ci,Dependency directory rebuilt from unchanged lockfile; numbered vendor copies absent afterward,Not project source; lockfile authoritative,Not canonical package entry,ignored
node_modules/p-limit/license 2,B — GENERATED / REBUILDABLE,Removed by npm ci,Dependency directory rebuilt from unchanged lockfile; numbered vendor copies absent afterward,Not project source; lockfile authoritative,Not canonical package entry,ignored
node_modules/p-limit/package 2.json,B — GENERATED / REBUILDABLE,Removed by npm ci,Dependency directory rebuilt from unchanged lockfile; numbered vendor copies absent afterward,Not project source; lockfile authoritative,Not canonical package entry,ignored
node_modules/p-limit/readme 2.md,B — GENERATED / REBUILDABLE,Removed by npm ci,Dependency directory rebuilt from unchanged lockfile; numbered vendor copies absent afterward,Not project source; lockfile authoritative,Not canonical package entry,ignored
node_modules/pathval/LICENSE 2,B — GENERATED / REBUILDABLE,Removed by npm ci,Dependency directory rebuilt from unchanged lockfile; numbered vendor copies absent afterward,Not project source; lockfile authoritative,Not canonical package entry,ignored
node_modules/pathval/README 2.md,B — GENERATED / REBUILDABLE,Removed by npm ci,Dependency directory rebuilt from unchanged lockfile; numbered vendor copies absent afterward,Not project source; lockfile authoritative,Not canonical package entry,ignored
node_modules/pathval/index 2.js,B — GENERATED / REBUILDABLE,Removed by npm ci,Dependency directory rebuilt from unchanged lockfile; numbered vendor copies absent afterward,Not project source; lockfile authoritative,Not canonical package entry,ignored
node_modules/pathval/package 2.json,B — GENERATED / REBUILDABLE,Removed by npm ci,Dependency directory rebuilt from unchanged lockfile; numbered vendor copies absent afterward,Not project source; lockfile authoritative,Not canonical package entry,ignored
node_modules/picomatch/LICENSE 2,B — GENERATED / REBUILDABLE,Removed by npm ci,Dependency directory rebuilt from unchanged lockfile; numbered vendor copies absent afterward,Not project source; lockfile authoritative,Not canonical package entry,ignored
node_modules/picomatch/README 2.md,B — GENERATED / REBUILDABLE,Removed by npm ci,Dependency directory rebuilt from unchanged lockfile; numbered vendor copies absent afterward,Not project source; lockfile authoritative,Not canonical package entry,ignored
node_modules/picomatch/index 2.js,B — GENERATED / REBUILDABLE,Removed by npm ci,Dependency directory rebuilt from unchanged lockfile; numbered vendor copies absent afterward,Not project source; lockfile authoritative,Not canonical package entry,ignored
node_modules/picomatch/package 2.json,B — GENERATED / REBUILDABLE,Removed by npm ci,Dependency directory rebuilt from unchanged lockfile; numbered vendor copies absent afterward,Not project source; lockfile authoritative,Not canonical package entry,ignored
node_modules/pify/index 2.js,B — GENERATED / REBUILDABLE,Removed by npm ci,Dependency directory rebuilt from unchanged lockfile; numbered vendor copies absent afterward,Not project source; lockfile authoritative,Not canonical package entry,ignored
node_modules/pify/license 2,B — GENERATED / REBUILDABLE,Removed by npm ci,Dependency directory rebuilt from unchanged lockfile; numbered vendor copies absent afterward,Not project source; lockfile authoritative,Not canonical package entry,ignored
node_modules/pify/package 2.json,B — GENERATED / REBUILDABLE,Removed by npm ci,Dependency directory rebuilt from unchanged lockfile; numbered vendor copies absent afterward,Not project source; lockfile authoritative,Not canonical package entry,ignored
node_modules/pify/readme 2.md,B — GENERATED / REBUILDABLE,Removed by npm ci,Dependency directory rebuilt from unchanged lockfile; numbered vendor copies absent afterward,Not project source; lockfile authoritative,Not canonical package entry,ignored
node_modules/postcss-nested/LICENSE 2,B — GENERATED / REBUILDABLE,Removed by npm ci,Dependency directory rebuilt from unchanged lockfile; numbered vendor copies absent afterward,Not project source; lockfile authoritative,Not canonical package entry,ignored
node_modules/postcss-nested/README 2.md,B — GENERATED / REBUILDABLE,Removed by npm ci,Dependency directory rebuilt from unchanged lockfile; numbered vendor copies absent afterward,Not project source; lockfile authoritative,Not canonical package entry,ignored
node_modules/postcss-nested/index 2.js,B — GENERATED / REBUILDABLE,Removed by npm ci,Dependency directory rebuilt from unchanged lockfile; numbered vendor copies absent afterward,Not project source; lockfile authoritative,Not canonical package entry,ignored
node_modules/postcss-nested/index.d 2.ts,B — GENERATED / REBUILDABLE,Removed by npm ci,Dependency directory rebuilt from unchanged lockfile; numbered vendor copies absent afterward,Not project source; lockfile authoritative,Not canonical package entry,ignored
node_modules/postcss-nested/package 2.json,B — GENERATED / REBUILDABLE,Removed by npm ci,Dependency directory rebuilt from unchanged lockfile; numbered vendor copies absent afterward,Not project source; lockfile authoritative,Not canonical package entry,ignored
node_modules/prop-types/LICENSE 2,B — GENERATED / REBUILDABLE,Removed by npm ci,Dependency directory rebuilt from unchanged lockfile; numbered vendor copies absent afterward,Not project source; lockfile authoritative,Not canonical package entry,ignored
node_modules/prop-types/README 2.md,B — GENERATED / REBUILDABLE,Removed by npm ci,Dependency directory rebuilt from unchanged lockfile; numbered vendor copies absent afterward,Not project source; lockfile authoritative,Not canonical package entry,ignored
node_modules/prop-types/checkPropTypes 2.js,B — GENERATED / REBUILDABLE,Removed by npm ci,Dependency directory rebuilt from unchanged lockfile; numbered vendor copies absent afterward,Not project source; lockfile authoritative,Not canonical package entry,ignored
node_modules/prop-types/factory 2.js,B — GENERATED / REBUILDABLE,Removed by npm ci,Dependency directory rebuilt from unchanged lockfile; numbered vendor copies absent afterward,Not project source; lockfile authoritative,Not canonical package entry,ignored
node_modules/prop-types/factoryWithThrowingShims 2.js,B — GENERATED / REBUILDABLE,Removed by npm ci,Dependency directory rebuilt from unchanged lockfile; numbered vendor copies absent afterward,Not project source; lockfile authoritative,Not canonical package entry,ignored
node_modules/prop-types/factoryWithTypeCheckers 2.js,B — GENERATED / REBUILDABLE,Removed by npm ci,Dependency directory rebuilt from unchanged lockfile; numbered vendor copies absent afterward,Not project source; lockfile authoritative,Not canonical package entry,ignored
node_modules/prop-types/index 2.js,B — GENERATED / REBUILDABLE,Removed by npm ci,Dependency directory rebuilt from unchanged lockfile; numbered vendor copies absent afterward,Not project source; lockfile authoritative,Not canonical package entry,ignored
node_modules/prop-types/package 2.json,B — GENERATED / REBUILDABLE,Removed by npm ci,Dependency directory rebuilt from unchanged lockfile; numbered vendor copies absent afterward,Not project source; lockfile authoritative,Not canonical package entry,ignored
node_modules/prop-types/prop-types 2.js,B — GENERATED / REBUILDABLE,Removed by npm ci,Dependency directory rebuilt from unchanged lockfile; numbered vendor copies absent afterward,Not project source; lockfile authoritative,Not canonical package entry,ignored
node_modules/prop-types/prop-types.min 2.js,B — GENERATED / REBUILDABLE,Removed by npm ci,Dependency directory rebuilt from unchanged lockfile; numbered vendor copies absent afterward,Not project source; lockfile authoritative,Not canonical package entry,ignored
node_modules/queue-microtask/LICENSE 2,B — GENERATED / REBUILDABLE,Removed by npm ci,Dependency directory rebuilt from unchanged lockfile; numbered vendor copies absent afterward,Not project source; lockfile authoritative,Not canonical package entry,ignored
node_modules/queue-microtask/README 2.md,B — GENERATED / REBUILDABLE,Removed by npm ci,Dependency directory rebuilt from unchanged lockfile; numbered vendor copies absent afterward,Not project source; lockfile authoritative,Not canonical package entry,ignored
node_modules/queue-microtask/index 2.js,B — GENERATED / REBUILDABLE,Removed by npm ci,Dependency directory rebuilt from unchanged lockfile; numbered vendor copies absent afterward,Not project source; lockfile authoritative,Not canonical package entry,ignored
node_modules/queue-microtask/index.d 2.ts,B — GENERATED / REBUILDABLE,Removed by npm ci,Dependency directory rebuilt from unchanged lockfile; numbered vendor copies absent afterward,Not project source; lockfile authoritative,Not canonical package entry,ignored
node_modules/queue-microtask/package 2.json,B — GENERATED / REBUILDABLE,Removed by npm ci,Dependency directory rebuilt from unchanged lockfile; numbered vendor copies absent afterward,Not project source; lockfile authoritative,Not canonical package entry,ignored
node_modules/resolve/.editorconfig 2,B — GENERATED / REBUILDABLE,Removed by npm ci,Dependency directory rebuilt from unchanged lockfile; numbered vendor copies absent afterward,Not project source; lockfile authoritative,Not canonical package entry,ignored
node_modules/resolve/.eslintrc 2,B — GENERATED / REBUILDABLE,Removed by npm ci,Dependency directory rebuilt from unchanged lockfile; numbered vendor copies absent afterward,Not project source; lockfile authoritative,Not canonical package entry,ignored
node_modules/resolve/LICENSE 2,B — GENERATED / REBUILDABLE,Removed by npm ci,Dependency directory rebuilt from unchanged lockfile; numbered vendor copies absent afterward,Not project source; lockfile authoritative,Not canonical package entry,ignored
node_modules/resolve/SECURITY 2.md,B — GENERATED / REBUILDABLE,Removed by npm ci,Dependency directory rebuilt from unchanged lockfile; numbered vendor copies absent afterward,Not project source; lockfile authoritative,Not canonical package entry,ignored
node_modules/resolve/async 2.js,B — GENERATED / REBUILDABLE,Removed by npm ci,Dependency directory rebuilt from unchanged lockfile; numbered vendor copies absent afterward,Not project source; lockfile authoritative,Not canonical package entry,ignored
node_modules/resolve/index 2.js,B — GENERATED / REBUILDABLE,Removed by npm ci,Dependency directory rebuilt from unchanged lockfile; numbered vendor copies absent afterward,Not project source; lockfile authoritative,Not canonical package entry,ignored
node_modules/resolve/package 2.json,B — GENERATED / REBUILDABLE,Removed by npm ci,Dependency directory rebuilt from unchanged lockfile; numbered vendor copies absent afterward,Not project source; lockfile authoritative,Not canonical package entry,ignored
node_modules/resolve/readme 2.markdown,B — GENERATED / REBUILDABLE,Removed by npm ci,Dependency directory rebuilt from unchanged lockfile; numbered vendor copies absent afterward,Not project source; lockfile authoritative,Not canonical package entry,ignored
node_modules/resolve/sync 2.js,B — GENERATED / REBUILDABLE,Removed by npm ci,Dependency directory rebuilt from unchanged lockfile; numbered vendor copies absent afterward,Not project source; lockfile authoritative,Not canonical package entry,ignored
node_modules/safe-regex-test/.eslintrc 2,B — GENERATED / REBUILDABLE,Removed by npm ci,Dependency directory rebuilt from unchanged lockfile; numbered vendor copies absent afterward,Not project source; lockfile authoritative,Not canonical package entry,ignored
node_modules/safe-regex-test/.nycrc 2,B — GENERATED / REBUILDABLE,Removed by npm ci,Dependency directory rebuilt from unchanged lockfile; numbered vendor copies absent afterward,Not project source; lockfile authoritative,Not canonical package entry,ignored
node_modules/safe-regex-test/CHANGELOG 2.md,B — GENERATED / REBUILDABLE,Removed by npm ci,Dependency directory rebuilt from unchanged lockfile; numbered vendor copies absent afterward,Not project source; lockfile authoritative,Not canonical package entry,ignored
node_modules/safe-regex-test/LICENSE 2,B — GENERATED / REBUILDABLE,Removed by npm ci,Dependency directory rebuilt from unchanged lockfile; numbered vendor copies absent afterward,Not project source; lockfile authoritative,Not canonical package entry,ignored
node_modules/safe-regex-test/README 2.md,B — GENERATED / REBUILDABLE,Removed by npm ci,Dependency directory rebuilt from unchanged lockfile; numbered vendor copies absent afterward,Not project source; lockfile authoritative,Not canonical package entry,ignored
node_modules/safe-regex-test/index 2.js,B — GENERATED / REBUILDABLE,Removed by npm ci,Dependency directory rebuilt from unchanged lockfile; numbered vendor copies absent afterward,Not project source; lockfile authoritative,Not canonical package entry,ignored
node_modules/safe-regex-test/index.d 2.ts,B — GENERATED / REBUILDABLE,Removed by npm ci,Dependency directory rebuilt from unchanged lockfile; numbered vendor copies absent afterward,Not project source; lockfile authoritative,Not canonical package entry,ignored
node_modules/safe-regex-test/package 2.json,B — GENERATED / REBUILDABLE,Removed by npm ci,Dependency directory rebuilt from unchanged lockfile; numbered vendor copies absent afterward,Not project source; lockfile authoritative,Not canonical package entry,ignored
node_modules/safe-regex-test/tsconfig 2.json,B — GENERATED / REBUILDABLE,Removed by npm ci,Dependency directory rebuilt from unchanged lockfile; numbered vendor copies absent afterward,Not project source; lockfile authoritative,Not canonical package entry,ignored
node_modules/set-function-name/.eslintrc 2,B — GENERATED / REBUILDABLE,Removed by npm ci,Dependency directory rebuilt from unchanged lockfile; numbered vendor copies absent afterward,Not project source; lockfile authoritative,Not canonical package entry,ignored
node_modules/set-function-name/CHANGELOG 2.md,B — GENERATED / REBUILDABLE,Removed by npm ci,Dependency directory rebuilt from unchanged lockfile; numbered vendor copies absent afterward,Not project source; lockfile authoritative,Not canonical package entry,ignored
node_modules/set-function-name/LICENSE 2,B — GENERATED / REBUILDABLE,Removed by npm ci,Dependency directory rebuilt from unchanged lockfile; numbered vendor copies absent afterward,Not project source; lockfile authoritative,Not canonical package entry,ignored
node_modules/set-function-name/README 2.md,B — GENERATED / REBUILDABLE,Removed by npm ci,Dependency directory rebuilt from unchanged lockfile; numbered vendor copies absent afterward,Not project source; lockfile authoritative,Not canonical package entry,ignored
node_modules/set-function-name/index 2.js,B — GENERATED / REBUILDABLE,Removed by npm ci,Dependency directory rebuilt from unchanged lockfile; numbered vendor copies absent afterward,Not project source; lockfile authoritative,Not canonical package entry,ignored
node_modules/set-function-name/index.d 2.ts,B — GENERATED / REBUILDABLE,Removed by npm ci,Dependency directory rebuilt from unchanged lockfile; numbered vendor copies absent afterward,Not project source; lockfile authoritative,Not canonical package entry,ignored
node_modules/set-function-name/package 2.json,B — GENERATED / REBUILDABLE,Removed by npm ci,Dependency directory rebuilt from unchanged lockfile; numbered vendor copies absent afterward,Not project source; lockfile authoritative,Not canonical package entry,ignored
node_modules/set-function-name/tsconfig 2.json,B — GENERATED / REBUILDABLE,Removed by npm ci,Dependency directory rebuilt from unchanged lockfile; numbered vendor copies absent afterward,Not project source; lockfile authoritative,Not canonical package entry,ignored
node_modules/set-proto/.eslintrc 2,B — GENERATED / REBUILDABLE,Removed by npm ci,Dependency directory rebuilt from unchanged lockfile; numbered vendor copies absent afterward,Not project source; lockfile authoritative,Not canonical package entry,ignored
node_modules/set-proto/.nycrc 2,B — GENERATED / REBUILDABLE,Removed by npm ci,Dependency directory rebuilt from unchanged lockfile; numbered vendor copies absent afterward,Not project source; lockfile authoritative,Not canonical package entry,ignored
node_modules/set-proto/CHANGELOG 2.md,B — GENERATED / REBUILDABLE,Removed by npm ci,Dependency directory rebuilt from unchanged lockfile; numbered vendor copies absent afterward,Not project source; lockfile authoritative,Not canonical package entry,ignored
node_modules/set-proto/LICENSE 2,B — GENERATED / REBUILDABLE,Removed by npm ci,Dependency directory rebuilt from unchanged lockfile; numbered vendor copies absent afterward,Not project source; lockfile authoritative,Not canonical package entry,ignored
node_modules/set-proto/Object.setPrototypeOf 2.js,B — GENERATED / REBUILDABLE,Removed by npm ci,Dependency directory rebuilt from unchanged lockfile; numbered vendor copies absent afterward,Not project source; lockfile authoritative,Not canonical package entry,ignored
node_modules/set-proto/Object.setPrototypeOf.d 2.ts,B — GENERATED / REBUILDABLE,Removed by npm ci,Dependency directory rebuilt from unchanged lockfile; numbered vendor copies absent afterward,Not project source; lockfile authoritative,Not canonical package entry,ignored
node_modules/set-proto/README 2.md,B — GENERATED / REBUILDABLE,Removed by npm ci,Dependency directory rebuilt from unchanged lockfile; numbered vendor copies absent afterward,Not project source; lockfile authoritative,Not canonical package entry,ignored
node_modules/set-proto/Reflect.setPrototypeOf 2.js,B — GENERATED / REBUILDABLE,Removed by npm ci,Dependency directory rebuilt from unchanged lockfile; numbered vendor copies absent afterward,Not project source; lockfile authoritative,Not canonical package entry,ignored
node_modules/set-proto/Reflect.setPrototypeOf.d 2.ts,B — GENERATED / REBUILDABLE,Removed by npm ci,Dependency directory rebuilt from unchanged lockfile; numbered vendor copies absent afterward,Not project source; lockfile authoritative,Not canonical package entry,ignored
node_modules/set-proto/index 2.js,B — GENERATED / REBUILDABLE,Removed by npm ci,Dependency directory rebuilt from unchanged lockfile; numbered vendor copies absent afterward,Not project source; lockfile authoritative,Not canonical package entry,ignored
node_modules/set-proto/index.d 2.ts,B — GENERATED / REBUILDABLE,Removed by npm ci,Dependency directory rebuilt from unchanged lockfile; numbered vendor copies absent afterward,Not project source; lockfile authoritative,Not canonical package entry,ignored
node_modules/set-proto/package 2.json,B — GENERATED / REBUILDABLE,Removed by npm ci,Dependency directory rebuilt from unchanged lockfile; numbered vendor copies absent afterward,Not project source; lockfile authoritative,Not canonical package entry,ignored
node_modules/set-proto/tsconfig 2.json,B — GENERATED / REBUILDABLE,Removed by npm ci,Dependency directory rebuilt from unchanged lockfile; numbered vendor copies absent afterward,Not project source; lockfile authoritative,Not canonical package entry,ignored
node_modules/side-channel-list/.editorconfig 2,B — GENERATED / REBUILDABLE,Removed by npm ci,Dependency directory rebuilt from unchanged lockfile; numbered vendor copies absent afterward,Not project source; lockfile authoritative,Not canonical package entry,ignored
node_modules/side-channel-list/.eslintrc 2,B — GENERATED / REBUILDABLE,Removed by npm ci,Dependency directory rebuilt from unchanged lockfile; numbered vendor copies absent afterward,Not project source; lockfile authoritative,Not canonical package entry,ignored
node_modules/side-channel-list/.nycrc 2,B — GENERATED / REBUILDABLE,Removed by npm ci,Dependency directory rebuilt from unchanged lockfile; numbered vendor copies absent afterward,Not project source; lockfile authoritative,Not canonical package entry,ignored
node_modules/side-channel-list/CHANGELOG 2.md,B — GENERATED / REBUILDABLE,Removed by npm ci,Dependency directory rebuilt from unchanged lockfile; numbered vendor copies absent afterward,Not project source; lockfile authoritative,Not canonical package entry,ignored
node_modules/side-channel-list/LICENSE 2,B — GENERATED / REBUILDABLE,Removed by npm ci,Dependency directory rebuilt from unchanged lockfile; numbered vendor copies absent afterward,Not project source; lockfile authoritative,Not canonical package entry,ignored
node_modules/side-channel-list/README 2.md,B — GENERATED / REBUILDABLE,Removed by npm ci,Dependency directory rebuilt from unchanged lockfile; numbered vendor copies absent afterward,Not project source; lockfile authoritative,Not canonical package entry,ignored
node_modules/side-channel-list/index 2.js,B — GENERATED / REBUILDABLE,Removed by npm ci,Dependency directory rebuilt from unchanged lockfile; numbered vendor copies absent afterward,Not project source; lockfile authoritative,Not canonical package entry,ignored
node_modules/side-channel-list/index.d 2.ts,B — GENERATED / REBUILDABLE,Removed by npm ci,Dependency directory rebuilt from unchanged lockfile; numbered vendor copies absent afterward,Not project source; lockfile authoritative,Not canonical package entry,ignored
node_modules/side-channel-list/list.d 2.ts,B — GENERATED / REBUILDABLE,Removed by npm ci,Dependency directory rebuilt from unchanged lockfile; numbered vendor copies absent afterward,Not project source; lockfile authoritative,Not canonical package entry,ignored
node_modules/side-channel-list/package 2.json,B — GENERATED / REBUILDABLE,Removed by npm ci,Dependency directory rebuilt from unchanged lockfile; numbered vendor copies absent afterward,Not project source; lockfile authoritative,Not canonical package entry,ignored
node_modules/side-channel-list/tsconfig 2.json,B — GENERATED / REBUILDABLE,Removed by npm ci,Dependency directory rebuilt from unchanged lockfile; numbered vendor copies absent afterward,Not project source; lockfile authoritative,Not canonical package entry,ignored
node_modules/side-channel-map/.editorconfig 2,B — GENERATED / REBUILDABLE,Removed by npm ci,Dependency directory rebuilt from unchanged lockfile; numbered vendor copies absent afterward,Not project source; lockfile authoritative,Not canonical package entry,ignored
node_modules/side-channel-map/.eslintrc 2,B — GENERATED / REBUILDABLE,Removed by npm ci,Dependency directory rebuilt from unchanged lockfile; numbered vendor copies absent afterward,Not project source; lockfile authoritative,Not canonical package entry,ignored
node_modules/side-channel-map/.nycrc 2,B — GENERATED / REBUILDABLE,Removed by npm ci,Dependency directory rebuilt from unchanged lockfile; numbered vendor copies absent afterward,Not project source; lockfile authoritative,Not canonical package entry,ignored
node_modules/side-channel-map/CHANGELOG 2.md,B — GENERATED / REBUILDABLE,Removed by npm ci,Dependency directory rebuilt from unchanged lockfile; numbered vendor copies absent afterward,Not project source; lockfile authoritative,Not canonical package entry,ignored
node_modules/side-channel-map/LICENSE 2,B — GENERATED / REBUILDABLE,Removed by npm ci,Dependency directory rebuilt from unchanged lockfile; numbered vendor copies absent afterward,Not project source; lockfile authoritative,Not canonical package entry,ignored
node_modules/side-channel-map/README 2.md,B — GENERATED / REBUILDABLE,Removed by npm ci,Dependency directory rebuilt from unchanged lockfile; numbered vendor copies absent afterward,Not project source; lockfile authoritative,Not canonical package entry,ignored
node_modules/side-channel-map/index 2.js,B — GENERATED / REBUILDABLE,Removed by npm ci,Dependency directory rebuilt from unchanged lockfile; numbered vendor copies absent afterward,Not project source; lockfile authoritative,Not canonical package entry,ignored
node_modules/side-channel-map/index.d 2.ts,B — GENERATED / REBUILDABLE,Removed by npm ci,Dependency directory rebuilt from unchanged lockfile; numbered vendor copies absent afterward,Not project source; lockfile authoritative,Not canonical package entry,ignored
node_modules/side-channel-map/package 2.json,B — GENERATED / REBUILDABLE,Removed by npm ci,Dependency directory rebuilt from unchanged lockfile; numbered vendor copies absent afterward,Not project source; lockfile authoritative,Not canonical package entry,ignored
node_modules/side-channel-map/tsconfig 2.json,B — GENERATED / REBUILDABLE,Removed by npm ci,Dependency directory rebuilt from unchanged lockfile; numbered vendor copies absent afterward,Not project source; lockfile authoritative,Not canonical package entry,ignored
node_modules/side-channel-weakmap/.editorconfig 2,B — GENERATED / REBUILDABLE,Removed by npm ci,Dependency directory rebuilt from unchanged lockfile; numbered vendor copies absent afterward,Not project source; lockfile authoritative,Not canonical package entry,ignored
node_modules/side-channel-weakmap/.eslintrc 2,B — GENERATED / REBUILDABLE,Removed by npm ci,Dependency directory rebuilt from unchanged lockfile; numbered vendor copies absent afterward,Not project source; lockfile authoritative,Not canonical package entry,ignored
node_modules/side-channel-weakmap/.nycrc 2,B — GENERATED / REBUILDABLE,Removed by npm ci,Dependency directory rebuilt from unchanged lockfile; numbered vendor copies absent afterward,Not project source; lockfile authoritative,Not canonical package entry,ignored
node_modules/side-channel-weakmap/CHANGELOG 2.md,B — GENERATED / REBUILDABLE,Removed by npm ci,Dependency directory rebuilt from unchanged lockfile; numbered vendor copies absent afterward,Not project source; lockfile authoritative,Not canonical package entry,ignored
node_modules/side-channel-weakmap/LICENSE 2,B — GENERATED / REBUILDABLE,Removed by npm ci,Dependency directory rebuilt from unchanged lockfile; numbered vendor copies absent afterward,Not project source; lockfile authoritative,Not canonical package entry,ignored
node_modules/side-channel-weakmap/README 2.md,B — GENERATED / REBUILDABLE,Removed by npm ci,Dependency directory rebuilt from unchanged lockfile; numbered vendor copies absent afterward,Not project source; lockfile authoritative,Not canonical package entry,ignored
node_modules/side-channel-weakmap/index 2.js,B — GENERATED / REBUILDABLE,Removed by npm ci,Dependency directory rebuilt from unchanged lockfile; numbered vendor copies absent afterward,Not project source; lockfile authoritative,Not canonical package entry,ignored
node_modules/side-channel-weakmap/index.d 2.ts,B — GENERATED / REBUILDABLE,Removed by npm ci,Dependency directory rebuilt from unchanged lockfile; numbered vendor copies absent afterward,Not project source; lockfile authoritative,Not canonical package entry,ignored
node_modules/side-channel-weakmap/package 2.json,B — GENERATED / REBUILDABLE,Removed by npm ci,Dependency directory rebuilt from unchanged lockfile; numbered vendor copies absent afterward,Not project source; lockfile authoritative,Not canonical package entry,ignored
node_modules/side-channel-weakmap/tsconfig 2.json,B — GENERATED / REBUILDABLE,Removed by npm ci,Dependency directory rebuilt from unchanged lockfile; numbered vendor copies absent afterward,Not project source; lockfile authoritative,Not canonical package entry,ignored
node_modules/side-channel/.editorconfig 2,B — GENERATED / REBUILDABLE,Removed by npm ci,Dependency directory rebuilt from unchanged lockfile; numbered vendor copies absent afterward,Not project source; lockfile authoritative,Not canonical package entry,ignored
node_modules/side-channel/.eslintrc 2,B — GENERATED / REBUILDABLE,Removed by npm ci,Dependency directory rebuilt from unchanged lockfile; numbered vendor copies absent afterward,Not project source; lockfile authoritative,Not canonical package entry,ignored
node_modules/side-channel/.nycrc 2,B — GENERATED / REBUILDABLE,Removed by npm ci,Dependency directory rebuilt from unchanged lockfile; numbered vendor copies absent afterward,Not project source; lockfile authoritative,Not canonical package entry,ignored
node_modules/side-channel/CHANGELOG 2.md,B — GENERATED / REBUILDABLE,Removed by npm ci,Dependency directory rebuilt from unchanged lockfile; numbered vendor copies absent afterward,Not project source; lockfile authoritative,Not canonical package entry,ignored
node_modules/side-channel/LICENSE 2,B — GENERATED / REBUILDABLE,Removed by npm ci,Dependency directory rebuilt from unchanged lockfile; numbered vendor copies absent afterward,Not project source; lockfile authoritative,Not canonical package entry,ignored
node_modules/side-channel/README 2.md,B — GENERATED / REBUILDABLE,Removed by npm ci,Dependency directory rebuilt from unchanged lockfile; numbered vendor copies absent afterward,Not project source; lockfile authoritative,Not canonical package entry,ignored
node_modules/side-channel/index 2.js,B — GENERATED / REBUILDABLE,Removed by npm ci,Dependency directory rebuilt from unchanged lockfile; numbered vendor copies absent afterward,Not project source; lockfile authoritative,Not canonical package entry,ignored
node_modules/side-channel/index.d 2.ts,B — GENERATED / REBUILDABLE,Removed by npm ci,Dependency directory rebuilt from unchanged lockfile; numbered vendor copies absent afterward,Not project source; lockfile authoritative,Not canonical package entry,ignored
node_modules/side-channel/package 2.json,B — GENERATED / REBUILDABLE,Removed by npm ci,Dependency directory rebuilt from unchanged lockfile; numbered vendor copies absent afterward,Not project source; lockfile authoritative,Not canonical package entry,ignored
node_modules/side-channel/tsconfig 2.json,B — GENERATED / REBUILDABLE,Removed by npm ci,Dependency directory rebuilt from unchanged lockfile; numbered vendor copies absent afterward,Not project source; lockfile authoritative,Not canonical package entry,ignored
node_modules/siginfo/.travis 2.yml,B — GENERATED / REBUILDABLE,Removed by npm ci,Dependency directory rebuilt from unchanged lockfile; numbered vendor copies absent afterward,Not project source; lockfile authoritative,Not canonical package entry,ignored
node_modules/siginfo/LICENSE 2,B — GENERATED / REBUILDABLE,Removed by npm ci,Dependency directory rebuilt from unchanged lockfile; numbered vendor copies absent afterward,Not project source; lockfile authoritative,Not canonical package entry,ignored
node_modules/siginfo/README 2.md,B — GENERATED / REBUILDABLE,Removed by npm ci,Dependency directory rebuilt from unchanged lockfile; numbered vendor copies absent afterward,Not project source; lockfile authoritative,Not canonical package entry,ignored
node_modules/siginfo/index 2.js,B — GENERATED / REBUILDABLE,Removed by npm ci,Dependency directory rebuilt from unchanged lockfile; numbered vendor copies absent afterward,Not project source; lockfile authoritative,Not canonical package entry,ignored
node_modules/siginfo/package 2.json,B — GENERATED / REBUILDABLE,Removed by npm ci,Dependency directory rebuilt from unchanged lockfile; numbered vendor copies absent afterward,Not project source; lockfile authoritative,Not canonical package entry,ignored
node_modules/siginfo/test 2.js,B — GENERATED / REBUILDABLE,Removed by npm ci,Dependency directory rebuilt from unchanged lockfile; numbered vendor copies absent afterward,Not project source; lockfile authoritative,Not canonical package entry,ignored
node_modules/strip-ansi-cjs/index.d 2.ts,B — GENERATED / REBUILDABLE,Removed by npm ci,Dependency directory rebuilt from unchanged lockfile; numbered vendor copies absent afterward,Not project source; lockfile authoritative,Not canonical package entry,ignored
node_modules/strip-ansi-cjs/license 2,B — GENERATED / REBUILDABLE,Removed by npm ci,Dependency directory rebuilt from unchanged lockfile; numbered vendor copies absent afterward,Not project source; lockfile authoritative,Not canonical package entry,ignored
node_modules/strip-ansi-cjs/package 2.json,B — GENERATED / REBUILDABLE,Removed by npm ci,Dependency directory rebuilt from unchanged lockfile; numbered vendor copies absent afterward,Not project source; lockfile authoritative,Not canonical package entry,ignored
node_modules/stripe/CHANGELOG 2.md,B — GENERATED / REBUILDABLE,Removed by npm ci,Dependency directory rebuilt from unchanged lockfile; numbered vendor copies absent afterward,Not project source; lockfile authoritative,Not canonical package entry,ignored
node_modules/stripe/LICENSE 2,B — GENERATED / REBUILDABLE,Removed by npm ci,Dependency directory rebuilt from unchanged lockfile; numbered vendor copies absent afterward,Not project source; lockfile authoritative,Not canonical package entry,ignored
node_modules/stripe/OPENAPI_VERSION 2,B — GENERATED / REBUILDABLE,Removed by npm ci,Dependency directory rebuilt from unchanged lockfile; numbered vendor copies absent afterward,Not project source; lockfile authoritative,Not canonical package entry,ignored
node_modules/stripe/README 2.md,B — GENERATED / REBUILDABLE,Removed by npm ci,Dependency directory rebuilt from unchanged lockfile; numbered vendor copies absent afterward,Not project source; lockfile authoritative,Not canonical package entry,ignored
node_modules/stripe/VERSION 2,B — GENERATED / REBUILDABLE,Removed by npm ci,Dependency directory rebuilt from unchanged lockfile; numbered vendor copies absent afterward,Not project source; lockfile authoritative,Not canonical package entry,ignored
node_modules/stripe/package 2.json,B — GENERATED / REBUILDABLE,Removed by npm ci,Dependency directory rebuilt from unchanged lockfile; numbered vendor copies absent afterward,Not project source; lockfile authoritative,Not canonical package entry,ignored
node_modules/tailwind-merge/LICENSE 2.md,B — GENERATED / REBUILDABLE,Removed by npm ci,Dependency directory rebuilt from unchanged lockfile; numbered vendor copies absent afterward,Not project source; lockfile authoritative,Not canonical package entry,ignored
node_modules/tailwind-merge/README 2.md,B — GENERATED / REBUILDABLE,Removed by npm ci,Dependency directory rebuilt from unchanged lockfile; numbered vendor copies absent afterward,Not project source; lockfile authoritative,Not canonical package entry,ignored
node_modules/tailwind-merge/package 2.json,B — GENERATED / REBUILDABLE,Removed by npm ci,Dependency directory rebuilt from unchanged lockfile; numbered vendor copies absent afterward,Not project source; lockfile authoritative,Not canonical package entry,ignored
node_modules/tailwindcss/CHANGELOG 2.md,B — GENERATED / REBUILDABLE,Removed by npm ci,Dependency directory rebuilt from unchanged lockfile; numbered vendor copies absent afterward,Not project source; lockfile authoritative,Not canonical package entry,ignored
node_modules/tailwindcss/LICENSE 2,B — GENERATED / REBUILDABLE,Removed by npm ci,Dependency directory rebuilt from unchanged lockfile; numbered vendor copies absent afterward,Not project source; lockfile authoritative,Not canonical package entry,ignored
node_modules/tailwindcss/README 2.md,B — GENERATED / REBUILDABLE,Removed by npm ci,Dependency directory rebuilt from unchanged lockfile; numbered vendor copies absent afterward,Not project source; lockfile authoritative,Not canonical package entry,ignored
node_modules/tailwindcss/base 2.css,B — GENERATED / REBUILDABLE,Removed by npm ci,Dependency directory rebuilt from unchanged lockfile; numbered vendor copies absent afterward,Not project source; lockfile authoritative,Not canonical package entry,ignored
node_modules/tailwindcss/colors 2.js,B — GENERATED / REBUILDABLE,Removed by npm ci,Dependency directory rebuilt from unchanged lockfile; numbered vendor copies absent afterward,Not project source; lockfile authoritative,Not canonical package entry,ignored
node_modules/tailwindcss/colors.d 2.ts,B — GENERATED / REBUILDABLE,Removed by npm ci,Dependency directory rebuilt from unchanged lockfile; numbered vendor copies absent afterward,Not project source; lockfile authoritative,Not canonical package entry,ignored
node_modules/tailwindcss/components 2.css,B — GENERATED / REBUILDABLE,Removed by npm ci,Dependency directory rebuilt from unchanged lockfile; numbered vendor copies absent afterward,Not project source; lockfile authoritative,Not canonical package entry,ignored
node_modules/tailwindcss/defaultConfig 2.js,B — GENERATED / REBUILDABLE,Removed by npm ci,Dependency directory rebuilt from unchanged lockfile; numbered vendor copies absent afterward,Not project source; lockfile authoritative,Not canonical package entry,ignored
node_modules/tailwindcss/defaultConfig.d 2.ts,B — GENERATED / REBUILDABLE,Removed by npm ci,Dependency directory rebuilt from unchanged lockfile; numbered vendor copies absent afterward,Not project source; lockfile authoritative,Not canonical package entry,ignored
node_modules/tailwindcss/defaultTheme 2.js,B — GENERATED / REBUILDABLE,Removed by npm ci,Dependency directory rebuilt from unchanged lockfile; numbered vendor copies absent afterward,Not project source; lockfile authoritative,Not canonical package entry,ignored
node_modules/tailwindcss/defaultTheme.d 2.ts,B — GENERATED / REBUILDABLE,Removed by npm ci,Dependency directory rebuilt from unchanged lockfile; numbered vendor copies absent afterward,Not project source; lockfile authoritative,Not canonical package entry,ignored
node_modules/tailwindcss/loadConfig 2.js,B — GENERATED / REBUILDABLE,Removed by npm ci,Dependency directory rebuilt from unchanged lockfile; numbered vendor copies absent afterward,Not project source; lockfile authoritative,Not canonical package entry,ignored
node_modules/tailwindcss/loadConfig.d 2.ts,B — GENERATED / REBUILDABLE,Removed by npm ci,Dependency directory rebuilt from unchanged lockfile; numbered vendor copies absent afterward,Not project source; lockfile authoritative,Not canonical package entry,ignored
node_modules/tailwindcss/package 2.json,B — GENERATED / REBUILDABLE,Removed by npm ci,Dependency directory rebuilt from unchanged lockfile; numbered vendor copies absent afterward,Not project source; lockfile authoritative,Not canonical package entry,ignored
node_modules/tailwindcss/plugin 2.js,B — GENERATED / REBUILDABLE,Removed by npm ci,Dependency directory rebuilt from unchanged lockfile; numbered vendor copies absent afterward,Not project source; lockfile authoritative,Not canonical package entry,ignored
node_modules/tailwindcss/plugin.d 2.ts,B — GENERATED / REBUILDABLE,Removed by npm ci,Dependency directory rebuilt from unchanged lockfile; numbered vendor copies absent afterward,Not project source; lockfile authoritative,Not canonical package entry,ignored
node_modules/tailwindcss/prettier.config 2.js,B — GENERATED / REBUILDABLE,Removed by npm ci,Dependency directory rebuilt from unchanged lockfile; numbered vendor copies absent afterward,Not project source; lockfile authoritative,Not canonical package entry,ignored
node_modules/tailwindcss/resolveConfig 2.js,B — GENERATED / REBUILDABLE,Removed by npm ci,Dependency directory rebuilt from unchanged lockfile; numbered vendor copies absent afterward,Not project source; lockfile authoritative,Not canonical package entry,ignored
node_modules/tailwindcss/resolveConfig.d 2.ts,B — GENERATED / REBUILDABLE,Removed by npm ci,Dependency directory rebuilt from unchanged lockfile; numbered vendor copies absent afterward,Not project source; lockfile authoritative,Not canonical package entry,ignored
node_modules/tailwindcss/screens 2.css,B — GENERATED / REBUILDABLE,Removed by npm ci,Dependency directory rebuilt from unchanged lockfile; numbered vendor copies absent afterward,Not project source; lockfile authoritative,Not canonical package entry,ignored
node_modules/tailwindcss/tailwind 2.css,B — GENERATED / REBUILDABLE,Removed by npm ci,Dependency directory rebuilt from unchanged lockfile; numbered vendor copies absent afterward,Not project source; lockfile authoritative,Not canonical package entry,ignored
node_modules/tailwindcss/utilities 2.css,B — GENERATED / REBUILDABLE,Removed by npm ci,Dependency directory rebuilt from unchanged lockfile; numbered vendor copies absent afterward,Not project source; lockfile authoritative,Not canonical package entry,ignored
node_modules/tailwindcss/variants 2.css,B — GENERATED / REBUILDABLE,Removed by npm ci,Dependency directory rebuilt from unchanged lockfile; numbered vendor copies absent afterward,Not project source; lockfile authoritative,Not canonical package entry,ignored
node_modules/thenify-all/History 2.md,B — GENERATED / REBUILDABLE,Removed by npm ci,Dependency directory rebuilt from unchanged lockfile; numbered vendor copies absent afterward,Not project source; lockfile authoritative,Not canonical package entry,ignored
node_modules/thenify-all/LICENSE 2,B — GENERATED / REBUILDABLE,Removed by npm ci,Dependency directory rebuilt from unchanged lockfile; numbered vendor copies absent afterward,Not project source; lockfile authoritative,Not canonical package entry,ignored
node_modules/thenify-all/package 2.json,B — GENERATED / REBUILDABLE,Removed by npm ci,Dependency directory rebuilt from unchanged lockfile; numbered vendor copies absent afterward,Not project source; lockfile authoritative,Not canonical package entry,ignored
node_modules/tinybench/LICENSE 2,B — GENERATED / REBUILDABLE,Removed by npm ci,Dependency directory rebuilt from unchanged lockfile; numbered vendor copies absent afterward,Not project source; lockfile authoritative,Not canonical package entry,ignored
node_modules/tinybench/README 2.md,B — GENERATED / REBUILDABLE,Removed by npm ci,Dependency directory rebuilt from unchanged lockfile; numbered vendor copies absent afterward,Not project source; lockfile authoritative,Not canonical package entry,ignored
node_modules/tinybench/package 2.json,B — GENERATED / REBUILDABLE,Removed by npm ci,Dependency directory rebuilt from unchanged lockfile; numbered vendor copies absent afterward,Not project source; lockfile authoritative,Not canonical package entry,ignored
node_modules/tinyglobby/node_modules/picomatch/LICENSE 2,B — GENERATED / REBUILDABLE,Removed by npm ci,Dependency directory rebuilt from unchanged lockfile; numbered vendor copies absent afterward,Not project source; lockfile authoritative,Not canonical package entry,ignored
node_modules/tinyglobby/node_modules/picomatch/README 2.md,B — GENERATED / REBUILDABLE,Removed by npm ci,Dependency directory rebuilt from unchanged lockfile; numbered vendor copies absent afterward,Not project source; lockfile authoritative,Not canonical package entry,ignored
node_modules/tinyglobby/node_modules/picomatch/index 2.js,B — GENERATED / REBUILDABLE,Removed by npm ci,Dependency directory rebuilt from unchanged lockfile; numbered vendor copies absent afterward,Not project source; lockfile authoritative,Not canonical package entry,ignored
node_modules/tinyglobby/node_modules/picomatch/package 2.json,B — GENERATED / REBUILDABLE,Removed by npm ci,Dependency directory rebuilt from unchanged lockfile; numbered vendor copies absent afterward,Not project source; lockfile authoritative,Not canonical package entry,ignored
node_modules/tinyglobby/node_modules/picomatch/posix 2.js,B — GENERATED / REBUILDABLE,Removed by npm ci,Dependency directory rebuilt from unchanged lockfile; numbered vendor copies absent afterward,Not project source; lockfile authoritative,Not canonical package entry,ignored
node_modules/typed-array-buffer/.eslintrc 2,B — GENERATED / REBUILDABLE,Removed by npm ci,Dependency directory rebuilt from unchanged lockfile; numbered vendor copies absent afterward,Not project source; lockfile authoritative,Not canonical package entry,ignored
node_modules/typed-array-buffer/.nycrc 2,B — GENERATED / REBUILDABLE,Removed by npm ci,Dependency directory rebuilt from unchanged lockfile; numbered vendor copies absent afterward,Not project source; lockfile authoritative,Not canonical package entry,ignored
node_modules/typed-array-buffer/CHANGELOG 2.md,B — GENERATED / REBUILDABLE,Removed by npm ci,Dependency directory rebuilt from unchanged lockfile; numbered vendor copies absent afterward,Not project source; lockfile authoritative,Not canonical package entry,ignored
node_modules/typed-array-buffer/LICENSE 2,B — GENERATED / REBUILDABLE,Removed by npm ci,Dependency directory rebuilt from unchanged lockfile; numbered vendor copies absent afterward,Not project source; lockfile authoritative,Not canonical package entry,ignored
node_modules/typed-array-buffer/README 2.md,B — GENERATED / REBUILDABLE,Removed by npm ci,Dependency directory rebuilt from unchanged lockfile; numbered vendor copies absent afterward,Not project source; lockfile authoritative,Not canonical package entry,ignored
node_modules/typed-array-buffer/index 2.js,B — GENERATED / REBUILDABLE,Removed by npm ci,Dependency directory rebuilt from unchanged lockfile; numbered vendor copies absent afterward,Not project source; lockfile authoritative,Not canonical package entry,ignored
node_modules/typed-array-buffer/index.d 2.ts,B — GENERATED / REBUILDABLE,Removed by npm ci,Dependency directory rebuilt from unchanged lockfile; numbered vendor copies absent afterward,Not project source; lockfile authoritative,Not canonical package entry,ignored
node_modules/typed-array-buffer/package 2.json,B — GENERATED / REBUILDABLE,Removed by npm ci,Dependency directory rebuilt from unchanged lockfile; numbered vendor copies absent afterward,Not project source; lockfile authoritative,Not canonical package entry,ignored
node_modules/typed-array-buffer/tsconfig 2.json,B — GENERATED / REBUILDABLE,Removed by npm ci,Dependency directory rebuilt from unchanged lockfile; numbered vendor copies absent afterward,Not project source; lockfile authoritative,Not canonical package entry,ignored
node_modules/unbox-primitive/.editorconfig 2,B — GENERATED / REBUILDABLE,Removed by npm ci,Dependency directory rebuilt from unchanged lockfile; numbered vendor copies absent afterward,Not project source; lockfile authoritative,Not canonical package entry,ignored
node_modules/unbox-primitive/.eslintrc 2,B — GENERATED / REBUILDABLE,Removed by npm ci,Dependency directory rebuilt from unchanged lockfile; numbered vendor copies absent afterward,Not project source; lockfile authoritative,Not canonical package entry,ignored
node_modules/unbox-primitive/.nycrc 2,B — GENERATED / REBUILDABLE,Removed by npm ci,Dependency directory rebuilt from unchanged lockfile; numbered vendor copies absent afterward,Not project source; lockfile authoritative,Not canonical package entry,ignored
node_modules/unbox-primitive/CHANGELOG 2.md,B — GENERATED / REBUILDABLE,Removed by npm ci,Dependency directory rebuilt from unchanged lockfile; numbered vendor copies absent afterward,Not project source; lockfile authoritative,Not canonical package entry,ignored
node_modules/unbox-primitive/LICENSE 2,B — GENERATED / REBUILDABLE,Removed by npm ci,Dependency directory rebuilt from unchanged lockfile; numbered vendor copies absent afterward,Not project source; lockfile authoritative,Not canonical package entry,ignored
node_modules/unbox-primitive/README 2.md,B — GENERATED / REBUILDABLE,Removed by npm ci,Dependency directory rebuilt from unchanged lockfile; numbered vendor copies absent afterward,Not project source; lockfile authoritative,Not canonical package entry,ignored
node_modules/unbox-primitive/index 2.js,B — GENERATED / REBUILDABLE,Removed by npm ci,Dependency directory rebuilt from unchanged lockfile; numbered vendor copies absent afterward,Not project source; lockfile authoritative,Not canonical package entry,ignored
node_modules/unbox-primitive/index.d 2.ts,B — GENERATED / REBUILDABLE,Removed by npm ci,Dependency directory rebuilt from unchanged lockfile; numbered vendor copies absent afterward,Not project source; lockfile authoritative,Not canonical package entry,ignored
node_modules/unbox-primitive/package 2.json,B — GENERATED / REBUILDABLE,Removed by npm ci,Dependency directory rebuilt from unchanged lockfile; numbered vendor copies absent afterward,Not project source; lockfile authoritative,Not canonical package entry,ignored
node_modules/unbox-primitive/tsconfig 2.json,B — GENERATED / REBUILDABLE,Removed by npm ci,Dependency directory rebuilt from unchanged lockfile; numbered vendor copies absent afterward,Not project source; lockfile authoritative,Not canonical package entry,ignored
node_modules/which-collection/.eslintrc 2,B — GENERATED / REBUILDABLE,Removed by npm ci,Dependency directory rebuilt from unchanged lockfile; numbered vendor copies absent afterward,Not project source; lockfile authoritative,Not canonical package entry,ignored
node_modules/which-collection/.nycrc 2,B — GENERATED / REBUILDABLE,Removed by npm ci,Dependency directory rebuilt from unchanged lockfile; numbered vendor copies absent afterward,Not project source; lockfile authoritative,Not canonical package entry,ignored
node_modules/which-collection/CHANGELOG 2.md,B — GENERATED / REBUILDABLE,Removed by npm ci,Dependency directory rebuilt from unchanged lockfile; numbered vendor copies absent afterward,Not project source; lockfile authoritative,Not canonical package entry,ignored
node_modules/which-collection/LICENSE 2,B — GENERATED / REBUILDABLE,Removed by npm ci,Dependency directory rebuilt from unchanged lockfile; numbered vendor copies absent afterward,Not project source; lockfile authoritative,Not canonical package entry,ignored
node_modules/which-collection/README 2.md,B — GENERATED / REBUILDABLE,Removed by npm ci,Dependency directory rebuilt from unchanged lockfile; numbered vendor copies absent afterward,Not project source; lockfile authoritative,Not canonical package entry,ignored
node_modules/which-collection/index 2.js,B — GENERATED / REBUILDABLE,Removed by npm ci,Dependency directory rebuilt from unchanged lockfile; numbered vendor copies absent afterward,Not project source; lockfile authoritative,Not canonical package entry,ignored
node_modules/which-collection/index.d 2.ts,B — GENERATED / REBUILDABLE,Removed by npm ci,Dependency directory rebuilt from unchanged lockfile; numbered vendor copies absent afterward,Not project source; lockfile authoritative,Not canonical package entry,ignored
node_modules/which-collection/package 2.json,B — GENERATED / REBUILDABLE,Removed by npm ci,Dependency directory rebuilt from unchanged lockfile; numbered vendor copies absent afterward,Not project source; lockfile authoritative,Not canonical package entry,ignored
node_modules/which-collection/tsconfig 2.json,B — GENERATED / REBUILDABLE,Removed by npm ci,Dependency directory rebuilt from unchanged lockfile; numbered vendor copies absent afterward,Not project source; lockfile authoritative,Not canonical package entry,ignored
node_modules/which/CHANGELOG 2.md,B — GENERATED / REBUILDABLE,Removed by npm ci,Dependency directory rebuilt from unchanged lockfile; numbered vendor copies absent afterward,Not project source; lockfile authoritative,Not canonical package entry,ignored
node_modules/which/LICENSE 2,B — GENERATED / REBUILDABLE,Removed by npm ci,Dependency directory rebuilt from unchanged lockfile; numbered vendor copies absent afterward,Not project source; lockfile authoritative,Not canonical package entry,ignored
node_modules/which/README 2.md,B — GENERATED / REBUILDABLE,Removed by npm ci,Dependency directory rebuilt from unchanged lockfile; numbered vendor copies absent afterward,Not project source; lockfile authoritative,Not canonical package entry,ignored
node_modules/which/package 2.json,B — GENERATED / REBUILDABLE,Removed by npm ci,Dependency directory rebuilt from unchanged lockfile; numbered vendor copies absent afterward,Not project source; lockfile authoritative,Not canonical package entry,ignored
node_modules/which/which 2.js,B — GENERATED / REBUILDABLE,Removed by npm ci,Dependency directory rebuilt from unchanged lockfile; numbered vendor copies absent afterward,Not project source; lockfile authoritative,Not canonical package entry,ignored
node_modules/ws/LICENSE 2,B — GENERATED / REBUILDABLE,Removed by npm ci,Dependency directory rebuilt from unchanged lockfile; numbered vendor copies absent afterward,Not project source; lockfile authoritative,Not canonical package entry,ignored
node_modules/ws/README 2.md,B — GENERATED / REBUILDABLE,Removed by npm ci,Dependency directory rebuilt from unchanged lockfile; numbered vendor copies absent afterward,Not project source; lockfile authoritative,Not canonical package entry,ignored
node_modules/ws/browser 2.js,B — GENERATED / REBUILDABLE,Removed by npm ci,Dependency directory rebuilt from unchanged lockfile; numbered vendor copies absent afterward,Not project source; lockfile authoritative,Not canonical package entry,ignored
node_modules/ws/index 2.js,B — GENERATED / REBUILDABLE,Removed by npm ci,Dependency directory rebuilt from unchanged lockfile; numbered vendor copies absent afterward,Not project source; lockfile authoritative,Not canonical package entry,ignored
node_modules/ws/package 2.json,B — GENERATED / REBUILDABLE,Removed by npm ci,Dependency directory rebuilt from unchanged lockfile; numbered vendor copies absent afterward,Not project source; lockfile authoritative,Not canonical package entry,ignored
node_modules/ws/wrapper 2.mjs,B — GENERATED / REBUILDABLE,Removed by npm ci,Dependency directory rebuilt from unchanged lockfile; numbered vendor copies absent afterward,Not project source; lockfile authoritative,Not canonical package entry,ignored
node_modules/yaml/LICENSE 2,B — GENERATED / REBUILDABLE,Removed by npm ci,Dependency directory rebuilt from unchanged lockfile; numbered vendor copies absent afterward,Not project source; lockfile authoritative,Not canonical package entry,ignored
node_modules/yaml/README 2.md,B — GENERATED / REBUILDABLE,Removed by npm ci,Dependency directory rebuilt from unchanged lockfile; numbered vendor copies absent afterward,Not project source; lockfile authoritative,Not canonical package entry,ignored
node_modules/yaml/bin 2.mjs,B — GENERATED / REBUILDABLE,Removed by npm ci,Dependency directory rebuilt from unchanged lockfile; numbered vendor copies absent afterward,Not project source; lockfile authoritative,Not canonical package entry,ignored
node_modules/yaml/package 2.json,B — GENERATED / REBUILDABLE,Removed by npm ci,Dependency directory rebuilt from unchanged lockfile; numbered vendor copies absent afterward,Not project source; lockfile authoritative,Not canonical package entry,ignored
node_modules/yaml/util 2.js,B — GENERATED / REBUILDABLE,Removed by npm ci,Dependency directory rebuilt from unchanged lockfile; numbered vendor copies absent afterward,Not project source; lockfile authoritative,Not canonical package entry,ignored
public/.DS_Store,B — GENERATED / REBUILDABLE,Removed,Rebuildable compiler cache or operating-system metadata.,No current required content,No,ignored
public/betti/ betti-working.webp,D — SUPERSEDED,Removed September 16 2026,Rick explicitly approved removing the obsolete historical mockup,Yes; obsolete design reference intentionally removed,No,untracked
public/founder-photo.png,H — UNKNOWN,Preserved,Unique design/portrait asset; owner decision required,Yes,No,tracked
public/media/auto-classify.png,D — SUPERSEDED,Removed,"Unreferenced former landing/press artwork. Current landing, official logo downloads and Betti assets preserved.",Historical artwork remains in Git,No,tracked
public/media/export.png,D — SUPERSEDED,Removed,"Unreferenced former landing/press artwork. Current landing, official logo downloads and Betti assets preserved.",Historical artwork remains in Git,No,tracked
public/media/founder.jpg,H — UNKNOWN,Preserved,Unique design/portrait asset; owner decision required,Yes,No,tracked
public/media/receipt-capture.png,D — SUPERSEDED,Removed,"Unreferenced former landing/press artwork. Current landing, official logo downloads and Betti assets preserved.",Historical artwork remains in Git,No,tracked
public/media/three-steps.png,D — SUPERSEDED,Removed,"Unreferenced former landing/press artwork. Current landing, official logo downloads and Betti assets preserved.",Historical artwork remains in Git,No,tracked
public/media/writeoffs_logo_clean.jpg,C — EXACT DUPLICATE,Removed,Byte-identical to required logo-header.png and writeoffs-logo-tight.png; no consumer references.,No current required content,No,tracked
public/media/writeoffs_logo_clean.png,D — SUPERSEDED,Removed,"Unreferenced former landing/press artwork. Current landing, official logo downloads and Betti assets preserved.",Historical artwork remains in Git,No,tracked
public/press/FASTCOMPANY.svg,D — SUPERSEDED,Removed,"Unreferenced former landing/press artwork. Current landing, official logo downloads and Betti assets preserved.",Historical artwork remains in Git,No,tracked
public/press/bloomberg.svg,D — SUPERSEDED,Removed,"Unreferenced former landing/press artwork. Current landing, official logo downloads and Betti assets preserved.",Historical artwork remains in Git,No,tracked
public/press/cnbc.svg,D — SUPERSEDED,Removed,"Unreferenced former landing/press artwork. Current landing, official logo downloads and Betti assets preserved.",Historical artwork remains in Git,No,tracked
public/press/forbes.svg,D — SUPERSEDED,Removed,"Unreferenced former landing/press artwork. Current landing, official logo downloads and Betti assets preserved.",Historical artwork remains in Git,No,tracked
public/press/techcrunch.svg,D — SUPERSEDED,Removed,"Unreferenced former landing/press artwork. Current landing, official logo downloads and Betti assets preserved.",Historical artwork remains in Git,No,tracked
public/rick.png,H — UNKNOWN,Preserved,Unique design/portrait asset; owner decision required,Yes,No,tracked
public/templates/writeoffs_csv_template.csv,A — CANONICAL / REQUIRED,Preserved,"Active implementation, regression evidence or protected backup/DR tooling; keyword is not obsolescence",Yes,Operational/test or runtime reference,tracked
scripts/backup/backup-common.mjs,A — CANONICAL / REQUIRED,Preserved,"Active implementation, regression evidence or protected backup/DR tooling; keyword is not obsolescence",Yes,Operational/test or runtime reference,tracked
scripts/backup/backup-crypto.mjs,A — CANONICAL / REQUIRED,Preserved,"Active implementation, regression evidence or protected backup/DR tooling; keyword is not obsolescence",Yes,Operational/test or runtime reference,tracked
scripts/backup/collect-supabase-storage.mjs,A — CANONICAL / REQUIRED,Preserved,"Active implementation, regression evidence or protected backup/DR tooling; keyword is not obsolescence",Yes,Operational/test or runtime reference,tracked
scripts/backup/create-encrypted-backup.mjs,A — CANONICAL / REQUIRED,Preserved,"Active implementation, regression evidence or protected backup/DR tooling; keyword is not obsolescence",Yes,Operational/test or runtime reference,tracked
scripts/backup/export-deletion-ledger.mjs,A — CANONICAL / REQUIRED,Preserved,"Active implementation, regression evidence or protected backup/DR tooling; keyword is not obsolescence",Yes,Operational/test or runtime reference,tracked
scripts/backup/pg-dump-docker.mjs,A — CANONICAL / REQUIRED,Preserved,"Active implementation, regression evidence or protected backup/DR tooling; keyword is not obsolescence",Yes,Operational/test or runtime reference,tracked
scripts/backup/reconcile-deletion-ledger.mjs,A — CANONICAL / REQUIRED,Preserved,"Active implementation, regression evidence or protected backup/DR tooling; keyword is not obsolescence",Yes,Operational/test or runtime reference,tracked
scripts/backup/restore-encrypted-backup.mjs,A — CANONICAL / REQUIRED,Preserved,"Active implementation, regression evidence or protected backup/DR tooling; keyword is not obsolescence",Yes,Operational/test or runtime reference,tracked
scripts/backup/run-backup-to-s3.mjs,A — CANONICAL / REQUIRED,Preserved,"Active implementation, regression evidence or protected backup/DR tooling; keyword is not obsolescence",Yes,Operational/test or runtime reference,tracked
scripts/backup/s3-transfer.mjs,A — CANONICAL / REQUIRED,Preserved,"Active implementation, regression evidence or protected backup/DR tooling; keyword is not obsolescence",Yes,Operational/test or runtime reference,tracked
supabase/.temp/cli-latest,H — UNKNOWN / PROTECTED,Preserved,"Operator secrets, backup or CLI evidence; outside safe deletion scope",Potentially,No,ignored
supabase/.temp/gotrue-version,H — UNKNOWN / PROTECTED,Preserved,"Operator secrets, backup or CLI evidence; outside safe deletion scope",Potentially,No,ignored
supabase/.temp/linked-project.json,H — UNKNOWN / PROTECTED,Preserved,"Operator secrets, backup or CLI evidence; outside safe deletion scope",Potentially,No,ignored
supabase/.temp/pgdelta/catalog-local-migrations-2b87e621a448a111a3b0910fbd4eb9eac6d464eace3bc1ec1073d71ad3039beb-1788971567673.json,H — UNKNOWN / PROTECTED,Preserved,"Operator secrets, backup or CLI evidence; outside safe deletion scope",Potentially,No,ignored
supabase/.temp/pgdelta/catalog-local-migrations-e2e89fa9e06637a3d390fa172c607e061332df91dc66ee9e238ab988c2645b3d-1788971282787.json,H — UNKNOWN / PROTECTED,Preserved,"Operator secrets, backup or CLI evidence; outside safe deletion scope",Potentially,No,ignored
supabase/.temp/pgdelta/catalog-sgrqrrxrlglhjuetdtps-migrations-27bf5eda9154fd790b30ee69f09df571f97d45de0fe9701b6b1fd009b200370b-1788928766540.json,H — UNKNOWN / PROTECTED,Preserved,"Operator secrets, backup or CLI evidence; outside safe deletion scope",Potentially,No,ignored
supabase/.temp/pgdelta/catalog-sgrqrrxrlglhjuetdtps-migrations-2b87e621a448a111a3b0910fbd4eb9eac6d464eace3bc1ec1073d71ad3039beb-1788971770315.json,H — UNKNOWN / PROTECTED,Preserved,"Operator secrets, backup or CLI evidence; outside safe deletion scope",Potentially,No,ignored
supabase/.temp/pgdelta/pgdelta-target-ca.crt,H — UNKNOWN / PROTECTED,Preserved,"Operator secrets, backup or CLI evidence; outside safe deletion scope",Potentially,No,ignored
supabase/.temp/pooler-url,H — UNKNOWN / PROTECTED,Preserved,"Operator secrets, backup or CLI evidence; outside safe deletion scope",Potentially,No,ignored
supabase/.temp/postgres-version,H — UNKNOWN / PROTECTED,Preserved,"Operator secrets, backup or CLI evidence; outside safe deletion scope",Potentially,No,ignored
supabase/.temp/project-ref,H — UNKNOWN / PROTECTED,Preserved,"Operator secrets, backup or CLI evidence; outside safe deletion scope",Potentially,No,ignored
supabase/.temp/rest-version,H — UNKNOWN / PROTECTED,Preserved,"Operator secrets, backup or CLI evidence; outside safe deletion scope",Potentially,No,ignored
supabase/.temp/start-secrets/supabase_edge_runtime_writeoffs_fresh/env/docker.env,H — UNKNOWN / PROTECTED,Preserved,"Operator secrets, backup or CLI evidence; outside safe deletion scope",Potentially,No,ignored
supabase/.temp/start-secrets/supabase_edge_runtime_writeoffs_fresh/main/index.ts,H — UNKNOWN / PROTECTED,Preserved,"Operator secrets, backup or CLI evidence; outside safe deletion scope",Potentially,No,ignored
supabase/.temp/storage-migration,H — UNKNOWN / PROTECTED,Preserved,"Operator secrets, backup or CLI evidence; outside safe deletion scope",Potentially,No,ignored
supabase/.temp/storage-version,H — UNKNOWN / PROTECTED,Preserved,"Operator secrets, backup or CLI evidence; outside safe deletion scope",Potentially,No,ignored
supabase/migrations/20260811000200_backfill_csv_legacy_display_fields.sql,G — MIGRATION/HISTORY,Preserved,Immutable applied migration history,Yes,No,tracked
supabase/migrations/20260818000200_secure_legacy_public_tables.sql,G — MIGRATION/HISTORY,Preserved,Immutable applied migration history,Yes,No,tracked
supabase/migrations/20260915000600_preserve_legacy_materials_history.sql,G — MIGRATION/HISTORY,Preserved,Immutable applied migration history,Yes,No,tracked
tests/database/legacy-public-table-rls-schema.test.ts,A — CANONICAL / REQUIRED,Preserved,"Active implementation, regression evidence or protected backup/DR tooling; keyword is not obsolescence",Yes,No,tracked
tests/database/legacy-storage-csv-compatibility.test.ts,A — CANONICAL / REQUIRED,Preserved,"Active implementation, regression evidence or protected backup/DR tooling; keyword is not obsolescence",Yes,No,tracked
tests/fixtures/backup-drill.sql,A — CANONICAL / REQUIRED,Preserved,"Active implementation, regression evidence or protected backup/DR tooling; keyword is not obsolescence",Yes,No,tracked
tests/onboarding/plan-recommendation.test.ts,D — SUPERSEDED,Removed,Only tests retired three-tier recommendation code; current $39 and legacy subscription mapping tests remain.,No current required content,No,tracked
tests/security/backup-recovery.test.ts,A — CANONICAL / REQUIRED,Preserved,"Active implementation, regression evidence or protected backup/DR tooling; keyword is not obsolescence",Yes,No,tracked
tests/security/backup-storage-s3.test.ts,A — CANONICAL / REQUIRED,Preserved,"Active implementation, regression evidence or protected backup/DR tooling; keyword is not obsolescence",Yes,No,tracked
tests/security/destructive-legacy-routes.test.ts,A — CANONICAL / REQUIRED,Preserved,"Active implementation, regression evidence or protected backup/DR tooling; keyword is not obsolescence",Yes,No,tracked
tests/security/legacy-public-table-rls.local.test.ts,A — CANONICAL / REQUIRED,Preserved,"Active implementation, regression evidence or protected backup/DR tooling; keyword is not obsolescence",Yes,No,tracked
tests/security/legacy-tax-lookup-disabled.test.ts,A — CANONICAL / REQUIRED,Preserved,"Active implementation, regression evidence or protected backup/DR tooling; keyword is not obsolescence",Yes,No,tracked
tsconfig.tsbuildinfo,B — GENERATED / REBUILDABLE,Removed,Rebuildable compiler cache or operating-system metadata.,No current required content,No,ignored
